{
  "object": "green soda can",
  "pixel_center_uv": [
    341,
    212
  ],
  "pixel_center_uv_mean": [
    340,
    212
  ],
  "median_depth_m": 0.37400001287460327,
  "mean_depth_m": 0.37535133957862854,
  "point_camera_m": [
    0.013825529254972935,
    -0.031662214547395706,
    0.37400001287460327
  ],
  "point_camera_mean_m": [
    0.013648116029798985,
    -0.03140486031770706,
    0.3749151825904846
  ],
  "debug": {
    "mask_pixels": 9405,
    "valid_depth_pixels": 6333,
    "valid_depth_ratio": 0.6733652312599681,
    "used_pixels_after_depth_fill": 9405,
    "min_depth_m": 0.1,
    "max_depth_m": 2.0,
    "depth_scale": 0.0010000000474974513,
    "fx": 385.6192626953125,
    "fy": 385.17535400390625,
    "ppx": 326.5517883300781,
    "ppy": 244.87197875976562,
    "method": "all_mask_pixels_with_invalid_depth_filled_by_median_depth"
  },
  "frame": "RealSense D455 aligned color camera frame",
  "note": "Belum ditransformasikan ke base frame UR5."
}