{
  "pointcloud_path": "/home/b401/Documents/pick_place_occlusion_noetic/outputs/TC_09_GMN_VLM/vision_output/masked_object_pointcloud_median_fill.ply",
  "clean_mask_path": null,
  "method": "median_fill_all_mask_pixels",
  "use_median_fill": true,
  "mask_pixels": 6170,
  "valid_depth_pixels": 5194,
  "zero_depth_pixels": 976,
  "final_points": 6162,
  "median_depth_m": 0.4410000145435333,
  "mean_depth_m": 0.44352251291275024,
  "center_mean_camera_m": [
    0.015152217948472074,
    -0.035561383634497484,
    0.44287489879850983
  ],
  "center_median_camera_m": [
    0.015196922235190868,
    -0.03616821579635143,
    0.4410000145435333
  ],
  "frame": "RealSense D455 aligned color camera frame",
  "note": "Point cloud masih camera frame, belum base frame UR5."
}