{
  "object": "green soda can",
  "pixel_center_uv": [
    340,
    214
  ],
  "pixel_center_uv_mean": [
    339,
    213
  ],
  "median_depth_m": 0.4410000145435333,
  "mean_depth_m": 0.44352251291275024,
  "point_camera_m": [
    0.015231777913868427,
    -0.036306001245975494,
    0.4410000145435333
  ],
  "point_camera_mean_m": [
    0.015158874914050102,
    -0.03571954742074013,
    0.4431176781654358
  ],
  "debug": {
    "mask_pixels": 6170,
    "valid_depth_pixels": 5194,
    "valid_depth_ratio": 0.8418152350081037,
    "used_pixels_after_depth_fill": 6170,
    "min_depth_m": 0.1,
    "max_depth_m": 2.0,
    "depth_scale": 0.0010000000474974513,
    "fx": 385.8294677734375,
    "fy": 385.38531494140625,
    "ppx": 326.5517883300781,
    "ppy": 244.87197875976562,
    "method": "all_mask_pixels_with_invalid_depth_filled_by_median_depth"
  },
  "frame": "RealSense D455 aligned color camera frame",
  "note": "Belum ditransformasikan ke base frame UR5."
}