{
  "success": true,
  "frame": "base",
  "target_link": "tool0",
  "source_target": "gripper_tip",
  "active_test_name": "TC_09_GMN_VLM",
  "translation_tool0_pregrasp": [
    -0.6113332035893567,
    0.4701893647258546,
    0.4264218650918793
  ],
  "quaternion_tool0_xyzw": [
    -0.28340175782789895,
    0.6661598976406625,
    0.6411123643592581,
    -0.25473392137899675
  ],
  "rpy_tool0_rad": [
    1.619,
    0.024,
    -2.36
  ],
  "orientation_source": "fixed_rpy",
  "gripper_tip_grasp_base": [
    -0.6808044075548141,
    0.5558524087388331,
    0.28823277279992854
  ],
  "gripper_tip_pregrasp_base": [
    -0.6808044075548141,
    0.5558524087388331,
    0.41823277279992854
  ],
  "tool0_to_gripper_tip_offset_tool_frame": [
    0.0,
    0.0,
    0.17
  ],
  "pregrasp_z_m": 0.13,
  "score": 0.43313097953796387,
  "width": 0.07266821712255478,
  "depth": 0.019999999552965164,
  "height": 0.019999999552965164,
  "source_file": "/home/b401/Documents/pick_place_occlusion_noetic/outputs/TC_09_GMN_VLM/vision_output/best_grasp_base.json",
  "note": "Kirim translation_tool0_pregrasp + quaternion_tool0_xyzw ke MoveIt sebagai target tool0. Jangan kirim gripper_tip_grasp_base langsung ke MoveIt.",
  "manual_nudge_base_m": {
    "dx": -0.05,
    "dy": 0.035,
    "dz": 0.0
  },
  "manual_nudge_history": [
    {
      "from": [
        -0.5613332035893567,
        0.4351893647258546,
        0.4264218650918793
      ],
      "to": [
        -0.6113332035893567,
        0.4701893647258546,
        0.4264218650918793
      ],
      "dx": -0.05,
      "dy": 0.035,
      "dz": 0.0,
      "frame": "base"
    }
  ],
  "note_nudge": "translation_tool0_pregrasp digeser manual dalam frame base. dx/dy/dz satuannya meter."
}