{
  "object": "red soda can",
  "pixel_center_uv": [
    184,
    209
  ],
  "pixel_center_uv_mean": [
    183,
    209
  ],
  "median_depth_m": 0.3460000157356262,
  "mean_depth_m": 0.34624430537223816,
  "point_camera_m": [
    -0.12787090241909027,
    -0.03221473842859268,
    0.3460000157356262
  ],
  "point_camera_mean_m": [
    -0.12825199961662292,
    -0.03188740462064743,
    0.3461439609527588
  ],
  "debug": {
    "mask_pixels": 6362,
    "valid_depth_pixels": 4077,
    "valid_depth_ratio": 0.6408362150267212,
    "used_pixels_after_depth_fill": 6362,
    "min_depth_m": 0.1,
    "max_depth_m": 2.0,
    "depth_scale": 0.0010000000474974513,
    "fx": 385.724365234375,
    "fy": 385.28033447265625,
    "ppx": 326.5517883300781,
    "ppy": 244.87197875976562,
    "method": "all_mask_pixels_with_invalid_depth_filled_by_median_depth"
  },
  "frame": "RealSense D455 aligned color camera frame",
  "note": "Belum ditransformasikan ke base frame UR5."
}