{
  "success": true,
  "method": "graspnet_baseline_d455",
  "best_grasp": {
    "score": 0.3495887219905853,
    "translation_camera": [
      -0.02738933451473713,
      0.018721401691436768,
      0.398000031709671
    ],
    "rotation_matrix_camera": [
      [
        -0.01589503511786461,
        0.08596859127283096,
        -0.9961710572242737
      ],
      [
        -0.18111571669578552,
        0.9795682430267334,
        0.08742568641901016
      ],
      [
        0.9833333492279053,
        0.1818118691444397,
        -7.947249081041718e-09
      ]
    ],
    "width": 0.08006201684474945,
    "height": 0.019999999552965164,
    "depth": 0.009999999776482582,
    "object_id": -1,
    "frame": "RealSense D455 aligned color camera frame",
    "rank": 0,
    "distance_to_object_center": 0.07584803049381804
  },
  "object_center_camera": [
    -0.06532505860545011,
    0.00929776770827525,
    0.3330000340938568
  ],
  "frame": "RealSense D455 aligned color camera frame",
  "note": "Masih camera frame. Perlu transform camera-to-base sebelum eksekusi UR5.",
  "meta": {
    "object_center_camera": [
      -0.06532505860545011,
      0.00929776770827525,
      0.3330000340938568
    ],
    "num_mask_points": 6112,
    "num_workspace_points": 4055,
    "num_cloud_masked": 4055,
    "rgb_path": "/home/b401/Documents/pick_place_occlusion_noetic/data/d455_capture/current_scene_rgb.jpg",
    "depth_path": "/home/b401/Documents/pick_place_occlusion_noetic/data/d455_capture/depth_raw.npy",
    "intrinsics_path": "/home/b401/Documents/pick_place_occlusion_noetic/data/d455_capture/camera_intrinsics.json",
    "mask_path": "/home/b401/Documents/pick_place_occlusion_noetic/outputs/single_4steps_water_002/vision_output/fastsam_mask.png",
    "intrinsics": {
      "width": 640,
      "height": 480,
      "fx": 385.8294677734375,
      "fy": 385.38531494140625,
      "ppx": 326.5517883300781,
      "ppy": 244.87197875976562,
      "depth_scale": 0.0010000000474974513
    },
    "depth_scale": 0.0010000000474974513,
    "factor_depth": 999.999952502551,
    "frame": "RealSense D455 aligned color camera frame"
  }
}