{
  "object": "red soda can",
  "pixel_center_uv": [
    332,
    206
  ],
  "pixel_center_uv_mean": [
    332,
    206
  ],
  "median_depth_m": 0.30300000309944153,
  "mean_depth_m": 0.30424144864082336,
  "point_camera_m": [
    0.004279761109501123,
    -0.030570492148399353,
    0.30300000309944153
  ],
  "point_camera_mean_m": [
    0.004515842068940401,
    -0.030370673164725304,
    0.30306458473205566
  ],
  "debug": {
    "mask_pixels": 13897,
    "valid_depth_pixels": 845,
    "valid_depth_ratio": 0.0608044901777362,
    "used_pixels_after_depth_fill": 13897,
    "min_depth_m": 0.1,
    "max_depth_m": 2.0,
    "depth_scale": 0.0010000000474974513,
    "fx": 385.724365234375,
    "fy": 385.28033447265625,
    "ppx": 326.5517883300781,
    "ppy": 244.87197875976562,
    "method": "all_mask_pixels_with_invalid_depth_filled_by_median_depth"
  },
  "frame": "RealSense D455 aligned color camera frame",
  "note": "Belum ditransformasikan ke base frame UR5."
}