{
  "pointcloud_path": "/home/b401/Documents/pick_place_occlusion_noetic/outputs/sprite_2steps_004/vision_output/masked_object_pointcloud_median_fill.ply",
  "clean_mask_path": null,
  "method": "median_fill_all_mask_pixels",
  "use_median_fill": true,
  "mask_pixels": 9514,
  "valid_depth_pixels": 6942,
  "zero_depth_pixels": 2572,
  "final_points": 9509,
  "median_depth_m": 0.34800001978874207,
  "mean_depth_m": 0.34918829798698425,
  "center_mean_camera_m": [
    -0.020857415017832996,
    -0.03130529541445518,
    0.34855780365251693
  ],
  "center_median_camera_m": [
    -0.02087635174393654,
    -0.03148913383483887,
    0.34800001978874207
  ],
  "frame": "RealSense D455 aligned color camera frame",
  "note": "Point cloud masih camera frame, belum base frame UR5."
}