{
  "pointcloud_path": "/home/b401/Documents/pick_place_occlusion_noetic/outputs/water_005/vision_output/masked_object_pointcloud_median_fill.ply",
  "clean_mask_path": null,
  "method": "median_fill_all_mask_pixels",
  "use_median_fill": true,
  "mask_pixels": 17067,
  "valid_depth_pixels": 10303,
  "zero_depth_pixels": 6302,
  "final_points": 16910,
  "median_depth_m": 0.3050000071525574,
  "mean_depth_m": 0.3337048590183258,
  "center_mean_camera_m": [
    -0.012779084850255635,
    -0.05217389079304733,
    0.31129114203802727
  ],
  "center_median_camera_m": [
    -0.013364598155021667,
    -0.04975787550210953,
    0.3050000071525574
  ],
  "frame": "RealSense D455 aligned color camera frame",
  "note": "Point cloud masih camera frame, belum base frame UR5."
}