{
  "object": "red soda can",
  "pixel_center_uv": [
    299,
    212
  ],
  "pixel_center_uv_mean": [
    299,
    212
  ],
  "median_depth_m": 0.3830000162124634,
  "mean_depth_m": 0.38435274362564087,
  "point_camera_m": [
    -0.027000049129128456,
    -0.03242146596312523,
    0.3830000162124634
  ],
  "point_camera_mean_m": [
    -0.027021216228604317,
    -0.0317869707942009,
    0.38401180505752563
  ],
  "debug": {
    "mask_pixels": 8100,
    "valid_depth_pixels": 5987,
    "valid_depth_ratio": 0.7391358024691358,
    "used_pixels_after_depth_fill": 8100,
    "min_depth_m": 0.1,
    "max_depth_m": 2.0,
    "depth_scale": 0.0010000000474974513,
    "fx": 385.724365234375,
    "fy": 385.28033447265625,
    "ppx": 326.5517883300781,
    "ppy": 244.87197875976562,
    "method": "all_mask_pixels_with_invalid_depth_filled_by_median_depth"
  },
  "frame": "RealSense D455 aligned color camera frame",
  "note": "Belum ditransformasikan ke base frame UR5."
}