{
  "pointcloud_path": "/home/b401/Documents/pick_place_occlusion_noetic/outputs/try_gmn_sprite_3steps_005/vision_output/masked_object_pointcloud_median_fill.ply",
  "clean_mask_path": null,
  "method": "median_fill_all_mask_pixels",
  "use_median_fill": true,
  "mask_pixels": 12108,
  "valid_depth_pixels": 794,
  "zero_depth_pixels": 11297,
  "final_points": 11849,
  "median_depth_m": 0.3070000112056732,
  "mean_depth_m": 0.3222443461418152,
  "center_mean_camera_m": [
    -0.03182151030116516,
    -0.026619912156151847,
    0.30704389706081714
  ],
  "center_median_camera_m": [
    -0.032275378704071045,
    -0.024599483236670494,
    0.3070000112056732
  ],
  "frame": "RealSense D455 aligned color camera frame",
  "note": "Point cloud masih camera frame, belum base frame UR5."
}