{
  "pointcloud_path": "/home/b401/Documents/pick_place_occlusion_noetic/outputs/TC_12_GMN_VLM/vision_output/masked_object_pointcloud_median_fill.ply",
  "clean_mask_path": null,
  "method": "median_fill_all_mask_pixels",
  "use_median_fill": true,
  "mask_pixels": 8260,
  "valid_depth_pixels": 6130,
  "zero_depth_pixels": 2130,
  "final_points": 7923,
  "median_depth_m": 0.38100001215934753,
  "mean_depth_m": 0.3818508982658386,
  "center_mean_camera_m": [
    -0.03345903785601653,
    -0.034045893524171846,
    0.38133953309910745
  ],
  "center_median_camera_m": [
    -0.03357284516096115,
    -0.03455624729394913,
    0.38100001215934753
  ],
  "frame": "RealSense D455 aligned color camera frame",
  "note": "Point cloud masih camera frame, belum base frame UR5."
}