{
  "success": true,
  "method": "graspnet_baseline_d455",
  "best_grasp": {
    "score": 0.5822519063949585,
    "translation_camera": [
      -0.030967840924859047,
      -0.10143715888261795,
      0.45000001788139343
    ],
    "rotation_matrix_camera": [
      [
        0.4980229139328003,
        0.4325112998485565,
        -0.7516031265258789
      ],
      [
        -0.3856969475746155,
        0.8867660760879517,
        0.2547228932380676
      ],
      [
        0.7766667008399963,
        0.16303318738937378,
        0.6084480881690979
      ]
    ],
    "width": 0.08095073699951172,
    "height": 0.019999999552965164,
    "depth": 0.029999999329447746,
    "object_id": -1,
    "frame": "RealSense D455 aligned color camera frame",
    "rank": 0,
    "distance_to_object_center": 0.010175630628293922
  },
  "object_center_camera": [
    -0.03441049384621189,
    -0.10470695084313791,
    0.45900002121925354
  ],
  "frame": "RealSense D455 aligned color camera frame",
  "note": "Masih camera frame. Perlu transform camera-to-base sebelum eksekusi UR5.",
  "meta": {
    "object_center_camera": [
      -0.03441049384621189,
      -0.10470695084313791,
      0.45900002121925354
    ],
    "num_mask_points": 11663,
    "num_workspace_points": 3501,
    "num_cloud_masked": 3501,
    "rgb_path": "/home/b401/Documents/pick_place_occlusion_noetic/data/d455_capture/current_scene_rgb.jpg",
    "depth_path": "/home/b401/Documents/pick_place_occlusion_noetic/data/d455_capture/depth_raw.npy",
    "intrinsics_path": "/home/b401/Documents/pick_place_occlusion_noetic/data/d455_capture/camera_intrinsics.json",
    "mask_path": "/home/b401/Documents/pick_place_occlusion_noetic/outputs/TC_12_GMN_YOLO/vision_output/fastsam_mask.png",
    "intrinsics": {
      "width": 640,
      "height": 480,
      "fx": 385.8294677734375,
      "fy": 385.38531494140625,
      "ppx": 326.5517883300781,
      "ppy": 244.87197875976562,
      "depth_scale": 0.0010000000474974513
    },
    "depth_scale": 0.0010000000474974513,
    "factor_depth": 999.999952502551,
    "frame": "RealSense D455 aligned color camera frame"
  }
}