{
  "object": "green soda can",
  "pixel_center_uv": [
    233,
    213
  ],
  "pixel_center_uv_mean": [
    232,
    212
  ],
  "median_depth_m": 0.39400002360343933,
  "mean_depth_m": 0.396502822637558,
  "point_camera_m": [
    -0.0958014577627182,
    -0.033337824046611786,
    0.39400002360343933
  ],
  "point_camera_mean_m": [
    -0.09642377495765686,
    -0.03262583911418915,
    0.39589613676071167
  ],
  "debug": {
    "mask_pixels": 7569,
    "valid_depth_pixels": 5714,
    "valid_depth_ratio": 0.7549213898797728,
    "used_pixels_after_depth_fill": 7569,
    "min_depth_m": 0.1,
    "max_depth_m": 2.0,
    "depth_scale": 0.0010000000474974513,
    "fx": 385.724365234375,
    "fy": 385.28033447265625,
    "ppx": 326.5517883300781,
    "ppy": 244.87197875976562,
    "method": "all_mask_pixels_with_invalid_depth_filled_by_median_depth"
  },
  "frame": "RealSense D455 aligned color camera frame",
  "note": "Belum ditransformasikan ke base frame UR5."
}