{
  "pointcloud_path": "/home/b401/Documents/pick_place_occlusion_noetic/outputs/water_1steps/vision_output/masked_object_pointcloud_median_fill.ply",
  "clean_mask_path": null,
  "method": "median_fill_all_mask_pixels",
  "use_median_fill": true,
  "mask_pixels": 12111,
  "valid_depth_pixels": 3780,
  "zero_depth_pixels": 7973,
  "final_points": 11770,
  "median_depth_m": 0.40700000524520874,
  "mean_depth_m": 0.4076434075832367,
  "center_mean_camera_m": [
    -0.011963122180742572,
    -0.07055552125054952,
    0.40707520072300146
  ],
  "center_median_camera_m": [
    -0.012188958004117012,
    -0.07064180076122284,
    0.40700000524520874
  ],
  "frame": "RealSense D455 aligned color camera frame",
  "note": "Point cloud masih camera frame, belum base frame UR5."
}