{
  "object": "red soda can",
  "pixel_center_uv": [
    383,
    212
  ],
  "pixel_center_uv_mean": [
    383,
    212
  ],
  "median_depth_m": 0.3700000047683716,
  "mean_depth_m": 0.3709958791732788,
  "point_camera_m": [
    0.05400071665644646,
    -0.03139762952923775,
    0.3700000047683716
  ],
  "point_camera_mean_m": [
    0.05446414649486542,
    -0.03138276934623718,
    0.37077903747558594
  ],
  "debug": {
    "mask_pixels": 8801,
    "valid_depth_pixels": 6785,
    "valid_depth_ratio": 0.7709351210089762,
    "used_pixels_after_depth_fill": 8801,
    "min_depth_m": 0.1,
    "max_depth_m": 2.0,
    "depth_scale": 0.0010000000474974513,
    "fx": 385.724365234375,
    "fy": 385.28033447265625,
    "ppx": 326.5517883300781,
    "ppy": 244.87197875976562,
    "method": "all_mask_pixels_with_invalid_depth_filled_by_median_depth"
  },
  "frame": "RealSense D455 aligned color camera frame",
  "note": "Belum ditransformasikan ke base frame UR5."
}