{
  "success": true,
  "method": "graspnet_baseline_d455",
  "best_grasp": {
    "score": 0.35209551453590393,
    "translation_camera": [
      -0.10057830810546875,
      -0.07207853347063065,
      0.30900001525878906
    ],
    "rotation_matrix_camera": [
      [
        0.6660667061805725,
        -0.2901601493358612,
        -0.687140703201294
      ],
      [
        -0.06173091381788254,
        0.8966288566589355,
        -0.43845877051353455
      ],
      [
        0.7433333396911621,
        0.33446061611175537,
        0.5793027877807617
      ]
    ],
    "width": 0.07654550671577454,
    "height": 0.019999999552965164,
    "depth": 0.029999999329447746,
    "object_id": -1,
    "frame": "RealSense D455 aligned color camera frame",
    "rank": 0,
    "distance_to_object_center": 0.0496557058383647
  },
  "object_center_camera": [
    -0.07846559335121674,
    -0.028024961762780683,
    0.3030000329017639
  ],
  "frame": "RealSense D455 aligned color camera frame",
  "note": "Masih camera frame. Perlu transform camera-to-base sebelum eksekusi UR5.",
  "meta": {
    "object_center_camera": [
      -0.07846559335121674,
      -0.028024961762780683,
      0.3030000329017639
    ],
    "num_mask_points": 14704,
    "num_workspace_points": 8845,
    "num_cloud_masked": 8845,
    "rgb_path": "/home/b401/Documents/pick_place_occlusion_noetic/data/d455_capture/current_scene_rgb.jpg",
    "depth_path": "/home/b401/Documents/pick_place_occlusion_noetic/data/d455_capture/depth_raw.npy",
    "intrinsics_path": "/home/b401/Documents/pick_place_occlusion_noetic/data/d455_capture/camera_intrinsics.json",
    "mask_path": "/home/b401/Documents/pick_place_occlusion_noetic/outputs/sprite_2steps_006/vision_output/fastsam_mask.png",
    "intrinsics": {
      "width": 640,
      "height": 480,
      "fx": 385.724365234375,
      "fy": 385.28033447265625,
      "ppx": 326.5517883300781,
      "ppy": 244.87197875976562,
      "depth_scale": 0.0010000000474974513
    },
    "depth_scale": 0.0010000000474974513,
    "factor_depth": 999.999952502551,
    "frame": "RealSense D455 aligned color camera frame"
  }
}