{
  "object": "red can",
  "pixel_center_uv": [
    230,
    208
  ],
  "pixel_center_uv_mean": [
    230,
    207
  ],
  "median_depth_m": 0.30300000309944153,
  "mean_depth_m": 0.3141951560974121,
  "point_camera_m": [
    -0.07584480941295624,
    -0.029587460681796074,
    0.30300000309944153
  ],
  "point_camera_mean_m": [
    -0.07737454771995544,
    -0.030214544385671616,
    0.3104988932609558
  ],
  "debug": {
    "mask_pixels": 12542,
    "valid_depth_pixels": 8410,
    "valid_depth_ratio": 0.6705469622069845,
    "used_pixels_after_depth_fill": 12542,
    "min_depth_m": 0.1,
    "max_depth_m": 2.0,
    "depth_scale": 0.0010000000474974513,
    "fx": 385.724365234375,
    "fy": 385.28033447265625,
    "ppx": 326.5517883300781,
    "ppy": 244.87197875976562,
    "method": "all_mask_pixels_with_invalid_depth_filled_by_median_depth"
  },
  "frame": "RealSense D455 aligned color camera frame",
  "note": "Belum ditransformasikan ke base frame UR5."
}