{
  "pointcloud_path": "/home/b401/Documents/pick_place_occlusion_noetic/outputs/TC_02_OA_YOLO/vision_output/masked_object_pointcloud_median_fill.ply",
  "clean_mask_path": null,
  "method": "median_fill_all_mask_pixels",
  "use_median_fill": true,
  "mask_pixels": 7522,
  "valid_depth_pixels": 5330,
  "zero_depth_pixels": 2192,
  "final_points": 7187,
  "median_depth_m": 0.4050000309944153,
  "mean_depth_m": 0.40477579832077026,
  "center_mean_camera_m": [
    0.0019600276513942233,
    -0.03324139555392062,
    0.40474804037052187
  ],
  "center_median_camera_m": [
    0.0025571642909199,
    -0.03260346129536629,
    0.4050000309944153
  ],
  "frame": "RealSense D455 aligned color camera frame",
  "note": "Point cloud masih camera frame, belum base frame UR5."
}