{
  "pointcloud_path": "/home/b401/Documents/pick_place_occlusion_noetic/outputs/water_3steps/vision_output/masked_object_pointcloud_median_fill.ply",
  "clean_mask_path": null,
  "method": "median_fill_all_mask_pixels",
  "use_median_fill": true,
  "mask_pixels": 12442,
  "valid_depth_pixels": 8054,
  "zero_depth_pixels": 3934,
  "final_points": 11863,
  "median_depth_m": 0.3320000171661377,
  "mean_depth_m": 0.34231987595558167,
  "center_mean_camera_m": [
    -0.024647095263767817,
    -0.04783426305713311,
    0.33671872259884594
  ],
  "center_median_camera_m": [
    -0.024906255304813385,
    -0.04584728181362152,
    0.3320000171661377
  ],
  "frame": "RealSense D455 aligned color camera frame",
  "note": "Point cloud masih camera frame, belum base frame UR5."
}