{
  "success": true,
  "method": "graspnet_baseline_d455",
  "best_grasp": {
    "score": 0.29344040155410767,
    "translation_camera": [
      -0.022096412256360054,
      0.027600929141044617,
      0.32100000977516174
    ],
    "rotation_matrix_camera": [
      [
        -0.10681723058223724,
        0.00249303737655282,
        -0.9942755699157715
      ],
      [
        -0.9940048456192017,
        0.023199768736958504,
        0.10684632509946823
      ],
      [
        0.023333333432674408,
        0.9997277855873108,
        -4.3699490248627626e-08
      ]
    ],
    "width": 0.07345558702945709,
    "height": 0.019999999552965164,
    "depth": 0.029999999329447746,
    "object_id": -1,
    "frame": "RealSense D455 aligned color camera frame",
    "rank": 0,
    "distance_to_object_center": 0.11411584628507605
  },
  "object_center_camera": [
    -0.028295851648064457,
    -0.0857127657779488,
    0.30900001525878906
  ],
  "frame": "RealSense D455 aligned color camera frame",
  "note": "Masih camera frame. Perlu transform camera-to-base sebelum eksekusi UR5.",
  "meta": {
    "object_center_camera": [
      -0.028295851648064457,
      -0.0857127657779488,
      0.30900001525878906
    ],
    "num_mask_points": 14444,
    "num_workspace_points": 1040,
    "num_cloud_masked": 1040,
    "rgb_path": "/home/b401/Documents/pick_place_occlusion_noetic/data/d455_capture/current_scene_rgb.jpg",
    "depth_path": "/home/b401/Documents/pick_place_occlusion_noetic/data/d455_capture/depth_raw.npy",
    "intrinsics_path": "/home/b401/Documents/pick_place_occlusion_noetic/data/d455_capture/camera_intrinsics.json",
    "mask_path": "/home/b401/Documents/pick_place_occlusion_noetic/outputs/try_gmn_sprite_3steps_005/vision_output/fastsam_mask.png",
    "intrinsics": {
      "width": 640,
      "height": 480,
      "fx": 385.724365234375,
      "fy": 385.28033447265625,
      "ppx": 326.5517883300781,
      "ppy": 244.87197875976562,
      "depth_scale": 0.0010000000474974513
    },
    "depth_scale": 0.0010000000474974513,
    "factor_depth": 999.999952502551,
    "frame": "RealSense D455 aligned color camera frame"
  }
}