{
  "success": true,
  "method": "graspnet_baseline_d455",
  "best_grasp": {
    "score": 0.3576332628726959,
    "translation_camera": [
      -0.05764927342534065,
      -0.039813846349716187,
      0.4400000274181366
    ],
    "rotation_matrix_camera": [
      [
        0.05689249932765961,
        0.9917080998420715,
        -0.11523126810789108
      ],
      [
        -0.43903547525405884,
        0.12851069867610931,
        0.8892316222190857
      ],
      [
        0.8966667056083679,
        0.0,
        0.44270631670951843
      ]
    ],
    "width": 0.07765953242778778,
    "height": 0.019999999552965164,
    "depth": 0.009999999776482582,
    "object_id": -1,
    "frame": "RealSense D455 aligned color camera frame",
    "rank": 0,
    "distance_to_object_center": 0.0037271980746857495
  },
  "object_center_camera": [
    -0.05764927282415706,
    -0.03622329886542057,
    0.4410000145435333
  ],
  "frame": "RealSense D455 aligned color camera frame",
  "note": "Masih camera frame. Perlu transform camera-to-base sebelum eksekusi UR5.",
  "meta": {
    "object_center_camera": [
      -0.05764927282415706,
      -0.03622329886542057,
      0.4410000145435333
    ],
    "num_mask_points": 5297,
    "num_workspace_points": 2839,
    "num_cloud_masked": 2839,
    "rgb_path": "/home/b401/Documents/pick_place_occlusion_noetic/data/d455_capture/current_scene_rgb.jpg",
    "depth_path": "/home/b401/Documents/pick_place_occlusion_noetic/data/d455_capture/depth_raw.npy",
    "intrinsics_path": "/home/b401/Documents/pick_place_occlusion_noetic/data/d455_capture/camera_intrinsics.json",
    "mask_path": "/home/b401/Documents/pick_place_occlusion_noetic/outputs/TC_07_GMN_YOLO/vision_output/fastsam_mask.png",
    "intrinsics": {
      "width": 640,
      "height": 480,
      "fx": 385.8294677734375,
      "fy": 385.38531494140625,
      "ppx": 326.5517883300781,
      "ppy": 244.87197875976562,
      "depth_scale": 0.0010000000474974513
    },
    "depth_scale": 0.0010000000474974513,
    "factor_depth": 999.999952502551,
    "frame": "RealSense D455 aligned color camera frame"
  }
}