{
  "pointcloud_path": "/home/b401/Documents/pick_place_occlusion_noetic/outputs/TC_07_GMN_YOLO/vision_output/masked_object_pointcloud_median_fill.ply",
  "clean_mask_path": null,
  "method": "median_fill_all_mask_pixels",
  "use_median_fill": true,
  "mask_pixels": 8646,
  "valid_depth_pixels": 6159,
  "zero_depth_pixels": 2487,
  "final_points": 8638,
  "median_depth_m": 0.37300002574920654,
  "mean_depth_m": 0.3742389976978302,
  "center_mean_camera_m": [
    0.044469693292455904,
    -0.031075850205549486,
    0.373653179681061
  ],
  "center_median_camera_m": [
    0.04417257383465767,
    -0.03177290968596935,
    0.37300002574920654
  ],
  "frame": "RealSense D455 aligned color camera frame",
  "note": "Point cloud masih camera frame, belum base frame UR5."
}