{
  "success": true,
  "frame": "base",
  "target_link": "tool0",
  "source_target": "gripper_tip",
  "active_test_name": "milkis",
  "translation_tool0_pregrasp": [
    -0.6023428187802164,
    0.3403851649025901,
    0.34849234131278384
  ],
  "quaternion_tool0_xyzw": [
    -0.28340175782789895,
    0.6661598976406625,
    0.6411123643592581,
    -0.25473392137899675
  ],
  "rpy_tool0_rad": [
    1.619,
    0.024,
    -2.36
  ],
  "orientation_source": "fixed_rpy",
  "gripper_tip_grasp_base": [
    -0.6518140227456739,
    0.4160482089155686,
    0.21030324902083308
  ],
  "gripper_tip_pregrasp_base": [
    -0.6518140227456739,
    0.4160482089155686,
    0.3403032490208331
  ],
  "tool0_to_gripper_tip_offset_tool_frame": [
    0.0,
    0.0,
    0.17
  ],
  "pregrasp_z_m": 0.13,
  "score": 0.31729456782341003,
  "width": 0.08493904769420624,
  "depth": 0.029999999329447746,
  "height": 0.019999999552965164,
  "source_file": "/home/b401/Documents/pick_place_occlusion_noetic/outputs/milkis/vision_output/best_grasp_base.json",
  "note": "Kirim translation_tool0_pregrasp + quaternion_tool0_xyzw ke MoveIt sebagai target tool0. Jangan kirim gripper_tip_grasp_base langsung ke MoveIt.",
  "manual_nudge_base_m": {
    "dx": -0.07,
    "dy": 0.045,
    "dz": 0.0
  },
  "manual_nudge_history": [
    {
      "from": [
        -0.5323428187802165,
        0.2953851649025901,
        0.34849234131278384
      ],
      "to": [
        -0.6023428187802164,
        0.3403851649025901,
        0.34849234131278384
      ],
      "dx": -0.07,
      "dy": 0.045,
      "dz": 0.0,
      "frame": "base"
    }
  ],
  "note_nudge": "translation_tool0_pregrasp digeser manual dalam frame base. dx/dy/dz satuannya meter."
}