{
  "object": "green can",
  "pixel_center_uv": [
    227,
    214
  ],
  "pixel_center_uv_mean": [
    226,
    213
  ],
  "median_depth_m": 0.39900001883506775,
  "mean_depth_m": 0.4008597433567047,
  "point_camera_m": [
    -0.10246192663908005,
    -0.03259330615401268,
    0.39900001883506775
  ],
  "point_camera_mean_m": [
    -0.10337132215499878,
    -0.032196272164583206,
    0.40043485164642334
  ],
  "debug": {
    "mask_pixels": 7563,
    "valid_depth_pixels": 5861,
    "valid_depth_ratio": 0.7749570276345366,
    "used_pixels_after_depth_fill": 7563,
    "min_depth_m": 0.1,
    "max_depth_m": 2.0,
    "depth_scale": 0.0010000000474974513,
    "fx": 385.724365234375,
    "fy": 385.28033447265625,
    "ppx": 326.5517883300781,
    "ppy": 244.87197875976562,
    "method": "all_mask_pixels_with_invalid_depth_filled_by_median_depth"
  },
  "frame": "RealSense D455 aligned color camera frame",
  "note": "Belum ditransformasikan ke base frame UR5."
}