{
  "object": "green soda can",
  "pixel_center_uv": [
    291,
    213
  ],
  "pixel_center_uv_mean": [
    290,
    212
  ],
  "median_depth_m": 0.4280000329017639,
  "mean_depth_m": 0.4291582405567169,
  "point_camera_m": [
    -0.03927465155720711,
    -0.03550665080547333,
    0.4280000329017639
  ],
  "point_camera_mean_m": [
    -0.03952757269144058,
    -0.03558383882045746,
    0.42895764112472534
  ],
  "debug": {
    "mask_pixels": 6401,
    "valid_depth_pixels": 5303,
    "valid_depth_ratio": 0.8284643024527417,
    "used_pixels_after_depth_fill": 6401,
    "min_depth_m": 0.1,
    "max_depth_m": 2.0,
    "depth_scale": 0.0010000000474974513,
    "fx": 385.6192626953125,
    "fy": 385.17535400390625,
    "ppx": 326.5517883300781,
    "ppy": 244.87197875976562,
    "method": "all_mask_pixels_with_invalid_depth_filled_by_median_depth"
  },
  "frame": "RealSense D455 aligned color camera frame",
  "note": "Belum ditransformasikan ke base frame UR5."
}