{
  "pointcloud_path": "/home/b401/Documents/pick_place_occlusion_noetic/outputs/sprite_3steps_006/vision_output/masked_object_pointcloud_median_fill.ply",
  "clean_mask_path": null,
  "method": "median_fill_all_mask_pixels",
  "use_median_fill": true,
  "mask_pixels": 6098,
  "valid_depth_pixels": 4553,
  "zero_depth_pixels": 1545,
  "final_points": 5833,
  "median_depth_m": 0.4300000071525574,
  "mean_depth_m": 0.4307287931442261,
  "center_mean_camera_m": [
    0.037042094446455565,
    -0.036489156612708934,
    0.4304584425901357
  ],
  "center_median_camera_m": [
    0.03642517328262329,
    -0.03660212457180023,
    0.4300000071525574
  ],
  "frame": "RealSense D455 aligned color camera frame",
  "note": "Point cloud masih camera frame, belum base frame UR5."
}