{
  "pointcloud_path": "/home/b401/Documents/pick_place_occlusion_noetic/outputs/sprite_2steps_007/vision_output/masked_object_pointcloud_median_fill.ply",
  "clean_mask_path": null,
  "method": "median_fill_all_mask_pixels",
  "use_median_fill": true,
  "mask_pixels": 12417,
  "valid_depth_pixels": 711,
  "zero_depth_pixels": 11706,
  "final_points": 12338,
  "median_depth_m": 0.3020000159740448,
  "mean_depth_m": 0.4586498439311981,
  "center_mean_camera_m": [
    0.008211295337632946,
    -0.02814754629416797,
    0.3060598313943709
  ],
  "center_median_camera_m": [
    0.008178120478987694,
    -0.02419225126504898,
    0.3020000159740448
  ],
  "frame": "RealSense D455 aligned color camera frame",
  "note": "Point cloud masih camera frame, belum base frame UR5."
}