{
  "object": "green soda can",
  "pixel_center_uv": [
    312,
    209
  ],
  "pixel_center_uv_mean": [
    312,
    208
  ],
  "median_depth_m": 0.35100001096725464,
  "mean_depth_m": 0.3525833785533905,
  "point_camera_m": [
    -0.013068454340100288,
    -0.032846421003341675,
    0.35100001096725464
  ],
  "point_camera_mean_m": [
    -0.013081605546176434,
    -0.03284233435988426,
    0.352125346660614
  ],
  "debug": {
    "mask_pixels": 9434,
    "valid_depth_pixels": 6627,
    "valid_depth_ratio": 0.7024591901632393,
    "used_pixels_after_depth_fill": 9434,
    "min_depth_m": 0.1,
    "max_depth_m": 2.0,
    "depth_scale": 0.0010000000474974513,
    "fx": 385.8294677734375,
    "fy": 385.38531494140625,
    "ppx": 326.5517883300781,
    "ppy": 244.87197875976562,
    "method": "all_mask_pixels_with_invalid_depth_filled_by_median_depth"
  },
  "frame": "RealSense D455 aligned color camera frame",
  "note": "Belum ditransformasikan ke base frame UR5."
}