{
  "success": true,
  "method": "graspnet_baseline_d455",
  "best_grasp": {
    "score": 0.3786754310131073,
    "translation_camera": [
      -0.13867497444152832,
      -0.07702194899320602,
      0.4130000174045563
    ],
    "rotation_matrix_camera": [
      [
        0.14391817152500153,
        -0.43786168098449707,
        -0.8874484300613403
      ],
      [
        -0.2771056890487671,
        0.8430759906768799,
        -0.4609070420265198
      ],
      [
        0.949999988079071,
        0.31224989891052246,
        -1.3648876695526724e-08
      ]
    ],
    "width": 0.07449810206890106,
    "height": 0.019999999552965164,
    "depth": 0.019999999552965164,
    "object_id": -1,
    "frame": "RealSense D455 aligned color camera frame",
    "rank": 0,
    "distance_to_object_center": 0.05351254689675873
  },
  "object_center_camera": [
    -0.12937043018349112,
    -0.02436249480579966,
    0.41100001335144043
  ],
  "frame": "RealSense D455 aligned color camera frame",
  "note": "Masih camera frame. Perlu transform camera-to-base sebelum eksekusi UR5.",
  "meta": {
    "object_center_camera": [
      -0.12937043018349112,
      -0.02436249480579966,
      0.41100001335144043
    ],
    "num_mask_points": 7620,
    "num_workspace_points": 5362,
    "num_cloud_masked": 5362,
    "rgb_path": "/home/b401/Documents/pick_place_occlusion_noetic/data/d455_capture/current_scene_rgb.jpg",
    "depth_path": "/home/b401/Documents/pick_place_occlusion_noetic/data/d455_capture/depth_raw.npy",
    "intrinsics_path": "/home/b401/Documents/pick_place_occlusion_noetic/data/d455_capture/camera_intrinsics.json",
    "mask_path": "/home/b401/Documents/pick_place_occlusion_noetic/outputs/TC_05_OA_YOLO/vision_output/fastsam_mask.png",
    "intrinsics": {
      "width": 640,
      "height": 480,
      "fx": 385.8294677734375,
      "fy": 385.38531494140625,
      "ppx": 326.5517883300781,
      "ppy": 244.87197875976562,
      "depth_scale": 0.0010000000474974513
    },
    "depth_scale": 0.0010000000474974513,
    "factor_depth": 999.999952502551,
    "frame": "RealSense D455 aligned color camera frame"
  }
}