{
  "pointcloud_path": "/home/b401/Documents/pick_place_occlusion_noetic/outputs/water_3steps_001/vision_output/masked_object_pointcloud_median_fill.ply",
  "clean_mask_path": null,
  "method": "median_fill_all_mask_pixels",
  "use_median_fill": true,
  "mask_pixels": 7267,
  "valid_depth_pixels": 5903,
  "zero_depth_pixels": 1364,
  "final_points": 7260,
  "median_depth_m": 0.4050000309944153,
  "mean_depth_m": 0.4063061773777008,
  "center_mean_camera_m": [
    -0.02986086357359905,
    -0.034430900026318365,
    0.4058734368974184
  ],
  "center_median_camera_m": [
    -0.02967442385852337,
    -0.03471563383936882,
    0.4050000309944153
  ],
  "frame": "RealSense D455 aligned color camera frame",
  "note": "Point cloud masih camera frame, belum base frame UR5."
}