{
  "object": "green soda can",
  "pixel_center_uv": [
    298,
    212
  ],
  "pixel_center_uv_mean": [
    298,
    211
  ],
  "median_depth_m": 0.4050000309944153,
  "mean_depth_m": 0.4063061773777008,
  "point_camera_m": [
    -0.02967442385852337,
    -0.03488622605800629,
    0.4050000309944153
  ],
  "point_camera_mean_m": [
    -0.02989167347550392,
    -0.034553442150354385,
    0.40606752038002014
  ],
  "debug": {
    "mask_pixels": 7267,
    "valid_depth_pixels": 5903,
    "valid_depth_ratio": 0.8123021879730288,
    "used_pixels_after_depth_fill": 7267,
    "min_depth_m": 0.1,
    "max_depth_m": 2.0,
    "depth_scale": 0.0010000000474974513,
    "fx": 385.8294677734375,
    "fy": 385.38531494140625,
    "ppx": 326.5517883300781,
    "ppy": 244.87197875976562,
    "method": "all_mask_pixels_with_invalid_depth_filled_by_median_depth"
  },
  "frame": "RealSense D455 aligned color camera frame",
  "note": "Belum ditransformasikan ke base frame UR5."
}