{
  "pointcloud_path": "/home/b401/Documents/pick_place_occlusion_noetic/outputs/sprite_003/vision_output/masked_object_pointcloud_median_fill.ply",
  "clean_mask_path": null,
  "method": "median_fill_all_mask_pixels",
  "use_median_fill": true,
  "mask_pixels": 3278,
  "valid_depth_pixels": 2586,
  "zero_depth_pixels": 692,
  "final_points": 3273,
  "median_depth_m": 0.4150000214576721,
  "mean_depth_m": 0.4184195399284363,
  "center_mean_camera_m": [
    -0.09991903473778745,
    0.006059568809243319,
    0.4174412053421008
  ],
  "center_median_camera_m": [
    -0.09957626461982727,
    0.005843021906912327,
    0.4150000214576721
  ],
  "frame": "RealSense D455 aligned color camera frame",
  "note": "Point cloud masih camera frame, belum base frame UR5."
}