{
  "pointcloud_path": "/home/b401/Documents/pick_place_occlusion_noetic/outputs/TC_08_GMN_VLM/vision_output/masked_object_pointcloud_median_fill.ply",
  "clean_mask_path": null,
  "method": "median_fill_all_mask_pixels",
  "use_median_fill": true,
  "mask_pixels": 7911,
  "valid_depth_pixels": 6279,
  "zero_depth_pixels": 1613,
  "final_points": 7901,
  "median_depth_m": 0.38700002431869507,
  "mean_depth_m": 0.3884984850883484,
  "center_mean_camera_m": [
    -0.058974621136393554,
    -0.03384635152683649,
    0.3879019300170585
  ],
  "center_median_camera_m": [
    -0.05857766792178154,
    -0.03392600640654564,
    0.38700002431869507
  ],
  "frame": "RealSense D455 aligned color camera frame",
  "note": "Point cloud masih camera frame, belum base frame UR5."
}