{
  "pointcloud_path": "/home/b401/Documents/pick_place_occlusion_noetic/outputs/water_3steps/vision_output/masked_object_pointcloud_median_fill.ply",
  "clean_mask_path": null,
  "method": "median_fill_all_mask_pixels",
  "use_median_fill": true,
  "mask_pixels": 11026,
  "valid_depth_pixels": 7313,
  "zero_depth_pixels": 3355,
  "final_points": 10597,
  "median_depth_m": 0.35500001907348633,
  "mean_depth_m": 0.3618857264518738,
  "center_mean_camera_m": [
    -0.0006374246616928404,
    -0.048324327005534726,
    0.35815770346578185
  ],
  "center_median_camera_m": [
    -0.0005076980451121926,
    -0.04593987762928009,
    0.35500001907348633
  ],
  "frame": "RealSense D455 aligned color camera frame",
  "note": "Point cloud masih camera frame, belum base frame UR5."
}