{
  "success": true,
  "method": "graspnet_baseline_d455",
  "best_grasp": {
    "score": 0.31830549240112305,
    "translation_camera": [
      -0.0979352816939354,
      -0.06853049248456955,
      0.34800001978874207
    ],
    "rotation_matrix_camera": [
      [
        0.6540746092796326,
        -0.6235225796699524,
        -0.42825937271118164
      ],
      [
        -0.309978187084198,
        0.2954989969730377,
        -0.9036558270454407
      ],
      [
        0.690000057220459,
        0.7238094210624695,
        -3.1638712982839934e-08
      ]
    ],
    "width": 0.06410310417413712,
    "height": 0.019999999552965164,
    "depth": 0.019999999552965164,
    "object_id": -1,
    "frame": "RealSense D455 aligned color camera frame",
    "rank": 0,
    "distance_to_object_center": 0.03939827421367785
  },
  "object_center_camera": [
    -0.09267299539984138,
    -0.03011783358169323,
    0.35500001907348633
  ],
  "frame": "RealSense D455 aligned color camera frame",
  "note": "Masih camera frame. Perlu transform camera-to-base sebelum eksekusi UR5.",
  "meta": {
    "object_center_camera": [
      -0.09267299539984138,
      -0.03011783358169323,
      0.35500001907348633
    ],
    "num_mask_points": 11312,
    "num_workspace_points": 6938,
    "num_cloud_masked": 6938,
    "rgb_path": "/home/b401/Documents/pick_place_occlusion_noetic/data/d455_capture/current_scene_rgb.jpg",
    "depth_path": "/home/b401/Documents/pick_place_occlusion_noetic/data/d455_capture/depth_raw.npy",
    "intrinsics_path": "/home/b401/Documents/pick_place_occlusion_noetic/data/d455_capture/camera_intrinsics.json",
    "mask_path": "/home/b401/Documents/pick_place_occlusion_noetic/outputs/try_gmn_sprite_3steps_005/vision_output/fastsam_mask.png",
    "intrinsics": {
      "width": 640,
      "height": 480,
      "fx": 385.724365234375,
      "fy": 385.28033447265625,
      "ppx": 326.5517883300781,
      "ppy": 244.87197875976562,
      "depth_scale": 0.0010000000474974513
    },
    "depth_scale": 0.0010000000474974513,
    "factor_depth": 999.999952502551,
    "frame": "RealSense D455 aligned color camera frame"
  }
}