{
  "success": true,
  "method": "graspnet_baseline_d455",
  "best_grasp": {
    "score": 0.5393494367599487,
    "translation_camera": [
      -0.07163672894239426,
      0.0326707623898983,
      0.46400001645088196
    ],
    "rotation_matrix_camera": [
      [
        0.05689249932765961,
        0.9917080998420715,
        -0.11523126810789108
      ],
      [
        -0.43903547525405884,
        0.12851069867610931,
        0.8892316222190857
      ],
      [
        0.8966667056083679,
        0.0,
        0.44270631670951843
      ]
    ],
    "width": 0.08486180752515793,
    "height": 0.019999999552965164,
    "depth": 0.03999999910593033,
    "object_id": -1,
    "frame": "RealSense D455 aligned color camera frame",
    "rank": 0,
    "distance_to_object_center": 0.07502219891992236
  },
  "object_center_camera": [
    -0.09434625238807934,
    0.005164219717104955,
    0.398000031709671
  ],
  "frame": "RealSense D455 aligned color camera frame",
  "note": "Masih camera frame. Perlu transform camera-to-base sebelum eksekusi UR5.",
  "meta": {
    "object_center_camera": [
      -0.09434625238807934,
      0.005164219717104955,
      0.398000031709671
    ],
    "num_mask_points": 4632,
    "num_workspace_points": 3192,
    "num_cloud_masked": 3192,
    "rgb_path": "/home/b401/Documents/pick_place_occlusion_noetic/data/d455_capture/current_scene_rgb.jpg",
    "depth_path": "/home/b401/Documents/pick_place_occlusion_noetic/data/d455_capture/depth_raw.npy",
    "intrinsics_path": "/home/b401/Documents/pick_place_occlusion_noetic/data/d455_capture/camera_intrinsics.json",
    "mask_path": "/home/b401/Documents/pick_place_occlusion_noetic/outputs/sprite_004/vision_output/fastsam_mask.png",
    "intrinsics": {
      "width": 640,
      "height": 480,
      "fx": 385.724365234375,
      "fy": 385.28033447265625,
      "ppx": 326.5517883300781,
      "ppy": 244.87197875976562,
      "depth_scale": 0.0010000000474974513
    },
    "depth_scale": 0.0010000000474974513,
    "factor_depth": 999.999952502551,
    "frame": "RealSense D455 aligned color camera frame"
  }
}