{
  "object": "red soda can",
  "pixel_center_uv": [
    323,
    206
  ],
  "pixel_center_uv_mean": [
    323,
    206
  ],
  "median_depth_m": 0.30000001192092896,
  "mean_depth_m": 0.3032264709472656,
  "point_camera_m": [
    -0.002761677373200655,
    -0.030259571969509125,
    0.30000001192092896
  ],
  "point_camera_mean_m": [
    -0.00253857159987092,
    -0.030079316347837448,
    0.30050140619277954
  ],
  "debug": {
    "mask_pixels": 13233,
    "valid_depth_pixels": 1921,
    "valid_depth_ratio": 0.14516738456888084,
    "used_pixels_after_depth_fill": 13233,
    "min_depth_m": 0.1,
    "max_depth_m": 2.0,
    "depth_scale": 0.0010000000474974513,
    "fx": 385.8294677734375,
    "fy": 385.38531494140625,
    "ppx": 326.5517883300781,
    "ppy": 244.87197875976562,
    "method": "all_mask_pixels_with_invalid_depth_filled_by_median_depth"
  },
  "frame": "RealSense D455 aligned color camera frame",
  "note": "Belum ditransformasikan ke base frame UR5."
}