{
  "success": true,
  "method": "graspnet_baseline_d455",
  "best_grasp": {
    "score": 0.32240980863571167,
    "translation_camera": [
      0.0672389566898346,
      -0.03379754349589348,
      0.3630000352859497
    ],
    "rotation_matrix_camera": [
      [
        -0.08158158510923386,
        0.996666669845581,
        -4.356568439334296e-08
      ],
      [
        0.0,
        4.371138828673793e-08,
        1.0
      ],
      [
        0.996666669845581,
        0.08158158510923386,
        -3.56604434870178e-09
      ]
    ],
    "width": 0.05720819532871246,
    "height": 0.019999999552965164,
    "depth": 0.019999999552965164,
    "object_id": -1,
    "frame": "RealSense D455 aligned color camera frame",
    "rank": 0,
    "distance_to_object_center": 0.011802127164355605
  },
  "object_center_camera": [
    0.07525021400253895,
    -0.025666736967503555,
    0.3660000264644623
  ],
  "frame": "RealSense D455 aligned color camera frame",
  "note": "Masih camera frame. Perlu transform camera-to-base sebelum eksekusi UR5.",
  "meta": {
    "object_center_camera": [
      0.07525021400253895,
      -0.025666736967503555,
      0.3660000264644623
    ],
    "num_mask_points": 9167,
    "num_workspace_points": 6553,
    "num_cloud_masked": 6553,
    "rgb_path": "/home/b401/Documents/pick_place_occlusion_noetic/data/d455_capture/current_scene_rgb.jpg",
    "depth_path": "/home/b401/Documents/pick_place_occlusion_noetic/data/d455_capture/depth_raw.npy",
    "intrinsics_path": "/home/b401/Documents/pick_place_occlusion_noetic/data/d455_capture/camera_intrinsics.json",
    "mask_path": "/home/b401/Documents/pick_place_occlusion_noetic/outputs/clear_coffee/vision_output/fastsam_mask.png",
    "intrinsics": {
      "width": 640,
      "height": 480,
      "fx": 385.724365234375,
      "fy": 385.28033447265625,
      "ppx": 326.5517883300781,
      "ppy": 244.87197875976562,
      "depth_scale": 0.0010000000474974513
    },
    "depth_scale": 0.0010000000474974513,
    "factor_depth": 999.999952502551,
    "frame": "RealSense D455 aligned color camera frame"
  }
}