{
  "pointcloud_path": "/home/b401/Documents/pick_place_occlusion_noetic/outputs/TC_07_GMN_YOLO/vision_output/masked_object_pointcloud_median_fill.ply",
  "clean_mask_path": null,
  "method": "median_fill_all_mask_pixels",
  "use_median_fill": true,
  "mask_pixels": 8383,
  "valid_depth_pixels": 6333,
  "zero_depth_pixels": 2050,
  "final_points": 8381,
  "median_depth_m": 0.3760000169277191,
  "mean_depth_m": 0.3769427239894867,
  "center_mean_camera_m": [
    0.02775727271335741,
    -0.031224997875496964,
    0.37665328013628113
  ],
  "center_median_camera_m": [
    0.027575993910431862,
    -0.03117850050330162,
    0.3760000169277191
  ],
  "frame": "RealSense D455 aligned color camera frame",
  "note": "Point cloud masih camera frame, belum base frame UR5."
}