{
  "object": "green soda can",
  "pixel_center_uv": [
    355,
    213
  ],
  "pixel_center_uv_mean": [
    355,
    212
  ],
  "median_depth_m": 0.3760000169277191,
  "mean_depth_m": 0.3769427239894867,
  "point_camera_m": [
    0.027575993910431862,
    -0.03117850050330162,
    0.3760000169277191
  ],
  "point_camera_mean_m": [
    0.027761857956647873,
    -0.03125903010368347,
    0.3767036497592926
  ],
  "debug": {
    "mask_pixels": 8383,
    "valid_depth_pixels": 6333,
    "valid_depth_ratio": 0.7554574734581891,
    "used_pixels_after_depth_fill": 8383,
    "min_depth_m": 0.1,
    "max_depth_m": 2.0,
    "depth_scale": 0.0010000000474974513,
    "fx": 385.8294677734375,
    "fy": 385.38531494140625,
    "ppx": 326.5517883300781,
    "ppy": 244.87197875976562,
    "method": "all_mask_pixels_with_invalid_depth_filled_by_median_depth"
  },
  "frame": "RealSense D455 aligned color camera frame",
  "note": "Belum ditransformasikan ke base frame UR5."
}