{
  "success": true,
  "frame": "base",
  "target_link": "tool0",
  "source_target": "gripper_tip",
  "active_test_name": "TC_12_OA_VLM",
  "translation_tool0_pregrasp": [
    -0.5977000708974421,
    0.42454544165357944,
    0.3549350780644854
  ],
  "quaternion_tool0_xyzw": [
    -0.28340175782789895,
    0.6661598976406625,
    0.6411123643592581,
    -0.25473392137899675
  ],
  "rpy_tool0_rad": [
    1.619,
    0.024,
    -2.36
  ],
  "orientation_source": "fixed_rpy",
  "gripper_tip_grasp_base": [
    -0.6671712748628995,
    0.49820848566655795,
    0.21674598577253462
  ],
  "gripper_tip_pregrasp_base": [
    -0.6671712748628995,
    0.49820848566655795,
    0.3467459857725346
  ],
  "tool0_to_gripper_tip_offset_tool_frame": [
    0.0,
    0.0,
    0.17
  ],
  "pregrasp_z_m": 0.13,
  "score": 0.307354211807251,
  "width": 0.08440075069665909,
  "depth": 0.029999999329447746,
  "height": 0.019999999552965164,
  "source_file": "/home/b401/Documents/pick_place_occlusion_noetic/outputs/TC_12_OA_VLM/vision_output/best_grasp_base.json",
  "note": "Kirim translation_tool0_pregrasp + quaternion_tool0_xyzw ke MoveIt sebagai target tool0. Jangan kirim gripper_tip_grasp_base langsung ke MoveIt.",
  "manual_nudge_base_m": {
    "dx": -0.05,
    "dy": 0.047,
    "dz": 0.0
  },
  "manual_nudge_history": [
    {
      "from": [
        -0.5477000708974421,
        0.37754544165357945,
        0.3549350780644854
      ],
      "to": [
        -0.5977000708974421,
        0.42454544165357944,
        0.3549350780644854
      ],
      "dx": -0.05,
      "dy": 0.047,
      "dz": 0.0,
      "frame": "base"
    }
  ],
  "note_nudge": "translation_tool0_pregrasp digeser manual dalam frame base. dx/dy/dz satuannya meter."
}