{
  "object": "green soda can",
  "pixel_center_uv": [
    284,
    208
  ],
  "pixel_center_uv_mean": [
    284,
    208
  ],
  "median_depth_m": 0.3720000088214874,
  "mean_depth_m": 0.3731466829776764,
  "point_camera_m": [
    -0.040486183017492294,
    -0.03540962561964989,
    0.3720000088214874
  ],
  "point_camera_mean_m": [
    -0.040878523141145706,
    -0.03482037037611008,
    0.37288880348205566
  ],
  "debug": {
    "mask_pixels": 8536,
    "valid_depth_pixels": 6545,
    "valid_depth_ratio": 0.7667525773195877,
    "used_pixels_after_depth_fill": 8536,
    "min_depth_m": 0.1,
    "max_depth_m": 2.0,
    "depth_scale": 0.0010000000474974513,
    "fx": 385.724365234375,
    "fy": 385.28033447265625,
    "ppx": 326.5517883300781,
    "ppy": 244.87197875976562,
    "method": "all_mask_pixels_with_invalid_depth_filled_by_median_depth"
  },
  "frame": "RealSense D455 aligned color camera frame",
  "note": "Belum ditransformasikan ke base frame UR5."
}