{
  "object": "yellow lemon",
  "pixel_center_uv": [
    269,
    255
  ],
  "pixel_center_uv_mean": [
    268,
    254
  ],
  "median_depth_m": 0.3460000157356262,
  "mean_depth_m": 0.3480963408946991,
  "point_camera_m": [
    -0.05190042033791542,
    0.00888272374868393,
    0.3460000157356262
  ],
  "point_camera_mean_m": [
    -0.051871173083782196,
    0.008903954178094864,
    0.34754228591918945
  ],
  "debug": {
    "mask_pixels": 4416,
    "valid_depth_pixels": 3260,
    "valid_depth_ratio": 0.7382246376811594,
    "used_pixels_after_depth_fill": 4416,
    "min_depth_m": 0.1,
    "max_depth_m": 2.0,
    "depth_scale": 0.0010000000474974513,
    "fx": 385.8294677734375,
    "fy": 385.38531494140625,
    "ppx": 326.5517883300781,
    "ppy": 244.87197875976562,
    "method": "all_mask_pixels_with_invalid_depth_filled_by_median_depth"
  },
  "frame": "RealSense D455 aligned color camera frame",
  "note": "Belum ditransformasikan ke base frame UR5."
}