{
  "object": "green soda can",
  "pixel_center_uv": [
    370,
    211
  ],
  "pixel_center_uv_mean": [
    370,
    211
  ],
  "median_depth_m": 0.3700000047683716,
  "mean_depth_m": 0.37135806679725647,
  "point_camera_m": [
    0.04167700931429863,
    -0.032528605312108994,
    0.3700000047683716
  ],
  "point_camera_mean_m": [
    0.042169660329818726,
    -0.032461557537317276,
    0.3710767924785614
  ],
  "debug": {
    "mask_pixels": 8444,
    "valid_depth_pixels": 6656,
    "valid_depth_ratio": 0.788252013263856,
    "used_pixels_after_depth_fill": 8444,
    "min_depth_m": 0.1,
    "max_depth_m": 2.0,
    "depth_scale": 0.0010000000474974513,
    "fx": 385.724365234375,
    "fy": 385.28033447265625,
    "ppx": 326.5517883300781,
    "ppy": 244.87197875976562,
    "method": "all_mask_pixels_with_invalid_depth_filled_by_median_depth"
  },
  "frame": "RealSense D455 aligned color camera frame",
  "note": "Belum ditransformasikan ke base frame UR5."
}