{
  "pointcloud_path": "/home/b401/Documents/pick_place_occlusion_noetic/outputs/TC_06_OA_VLM/vision_output/masked_object_pointcloud_median_fill.ply",
  "clean_mask_path": null,
  "method": "median_fill_all_mask_pixels",
  "use_median_fill": true,
  "mask_pixels": 7029,
  "valid_depth_pixels": 5148,
  "zero_depth_pixels": 1881,
  "final_points": 7005,
  "median_depth_m": 0.37400001287460327,
  "mean_depth_m": 0.3745773434638977,
  "center_mean_camera_m": [
    -0.026698817554223143,
    -0.02947016295132365,
    0.37376361218713844
  ],
  "center_median_camera_m": [
    -0.02642141655087471,
    -0.027120890095829964,
    0.37400001287460327
  ],
  "frame": "RealSense D455 aligned color camera frame",
  "note": "Point cloud masih camera frame, belum base frame UR5."
}