{
  "object": "green soda can",
  "pixel_center_uv": [
    283,
    211
  ],
  "pixel_center_uv_mean": [
    283,
    211
  ],
  "median_depth_m": 0.4240000247955322,
  "mean_depth_m": 0.42544683814048767,
  "point_camera_m": [
    -0.047860417515039444,
    -0.03718923032283783,
    0.4240000247955322
  ],
  "point_camera_mean_m": [
    -0.04790567234158516,
    -0.03652726113796234,
    0.4251856505870819
  ],
  "debug": {
    "mask_pixels": 6615,
    "valid_depth_pixels": 5387,
    "valid_depth_ratio": 0.8143613000755858,
    "used_pixels_after_depth_fill": 6615,
    "min_depth_m": 0.1,
    "max_depth_m": 2.0,
    "depth_scale": 0.0010000000474974513,
    "fx": 385.8294677734375,
    "fy": 385.38531494140625,
    "ppx": 326.5517883300781,
    "ppy": 244.87197875976562,
    "method": "all_mask_pixels_with_invalid_depth_filled_by_median_depth"
  },
  "frame": "RealSense D455 aligned color camera frame",
  "note": "Belum ditransformasikan ke base frame UR5."
}