{
  "pointcloud_path": "/home/b401/Documents/pick_place_occlusion_noetic/outputs/TC_14_YOLO_01/vision_output/masked_object_pointcloud_median_fill.ply",
  "clean_mask_path": null,
  "method": "median_fill_all_mask_pixels",
  "use_median_fill": true,
  "mask_pixels": 7832,
  "valid_depth_pixels": 6227,
  "zero_depth_pixels": 1605,
  "final_points": 7456,
  "median_depth_m": 0.3840000033378601,
  "mean_depth_m": 0.3847358226776123,
  "center_mean_camera_m": [
    -0.0036997852085799386,
    -0.03356759599501142,
    0.38446849654528586
  ],
  "center_median_camera_m": [
    -0.003535910276696086,
    -0.033979207277297974,
    0.3840000033378601
  ],
  "frame": "RealSense D455 aligned color camera frame",
  "note": "Point cloud masih camera frame, belum base frame UR5."
}