{
  "object": "green soda can",
  "pixel_center_uv": [
    394,
    213
  ],
  "pixel_center_uv_mean": [
    394,
    213
  ],
  "median_depth_m": 0.39400002360343933,
  "mean_depth_m": 0.39555105566978455,
  "point_camera_m": [
    0.06865587830543518,
    -0.032584428787231445,
    0.39400002360343933
  ],
  "point_camera_mean_m": [
    0.06915004551410675,
    -0.03184977173805237,
    0.39520248770713806
  ],
  "debug": {
    "mask_pixels": 7715,
    "valid_depth_pixels": 5940,
    "valid_depth_ratio": 0.7699287103046014,
    "used_pixels_after_depth_fill": 7715,
    "min_depth_m": 0.1,
    "max_depth_m": 2.0,
    "depth_scale": 0.0010000000474974513,
    "fx": 385.8294677734375,
    "fy": 385.38531494140625,
    "ppx": 326.5517883300781,
    "ppy": 244.87197875976562,
    "method": "all_mask_pixels_with_invalid_depth_filled_by_median_depth"
  },
  "frame": "RealSense D455 aligned color camera frame",
  "note": "Belum ditransformasikan ke base frame UR5."
}