{
  "object": "red soda can",
  "pixel_center_uv": [
    423,
    213
  ],
  "pixel_center_uv_mean": [
    423,
    213
  ],
  "median_depth_m": 0.3890000283718109,
  "mean_depth_m": 0.3897761404514313,
  "point_camera_m": [
    0.09675993770360947,
    -0.032179687172174454,
    0.3890000283718109
  ],
  "point_camera_mean_m": [
    0.09757870435714722,
    -0.031580399721860886,
    0.3895978629589081
  ],
  "debug": {
    "mask_pixels": 8087,
    "valid_depth_pixels": 6312,
    "valid_depth_ratio": 0.7805119327315444,
    "used_pixels_after_depth_fill": 8087,
    "min_depth_m": 0.1,
    "max_depth_m": 2.0,
    "depth_scale": 0.0010000000474974513,
    "fx": 385.724365234375,
    "fy": 385.28033447265625,
    "ppx": 326.5517883300781,
    "ppy": 244.87197875976562,
    "method": "all_mask_pixels_with_invalid_depth_filled_by_median_depth"
  },
  "frame": "RealSense D455 aligned color camera frame",
  "note": "Belum ditransformasikan ke base frame UR5."
}