{
  "success": true,
  "frame": "base",
  "target_link": "tool0",
  "source_target": "gripper_tip",
  "active_test_name": "TC_10_GMN_YOLO",
  "translation_tool0_pregrasp": [
    -0.5311596905336508,
    0.5325201145092248,
    0.31203182694643417
  ],
  "quaternion_tool0_xyzw": [
    -0.28340175782789895,
    0.6661598976406625,
    0.6411123643592581,
    -0.25473392137899675
  ],
  "rpy_tool0_rad": [
    1.619,
    0.024,
    -2.36
  ],
  "orientation_source": "fixed_rpy",
  "gripper_tip_grasp_base": [
    -0.6006308944991081,
    0.6131831585222033,
    0.1738427346544834
  ],
  "gripper_tip_pregrasp_base": [
    -0.6006308944991081,
    0.6131831585222033,
    0.3038427346544834
  ],
  "tool0_to_gripper_tip_offset_tool_frame": [
    0.0,
    0.0,
    0.17
  ],
  "pregrasp_z_m": 0.13,
  "score": 0.3395615220069885,
  "width": 0.06812124699354172,
  "depth": 0.029999999329447746,
  "height": 0.019999999552965164,
  "source_file": "/home/b401/Documents/pick_place_occlusion_noetic/outputs/TC_10_GMN_YOLO/vision_output/best_grasp_base.json",
  "note": "Kirim translation_tool0_pregrasp + quaternion_tool0_xyzw ke MoveIt sebagai target tool0. Jangan kirim gripper_tip_grasp_base langsung ke MoveIt.",
  "manual_nudge_base_m": {
    "dx": -0.05,
    "dy": 0.04,
    "dz": 0.0
  },
  "manual_nudge_history": [
    {
      "from": [
        -0.4811596905336507,
        0.4925201145092248,
        0.31203182694643417
      ],
      "to": [
        -0.5311596905336508,
        0.5325201145092248,
        0.31203182694643417
      ],
      "dx": -0.05,
      "dy": 0.04,
      "dz": 0.0,
      "frame": "base"
    }
  ],
  "note_nudge": "translation_tool0_pregrasp digeser manual dalam frame base. dx/dy/dz satuannya meter."
}