{
  "success": true,
  "method": "graspnet_baseline_d455",
  "best_grasp": {
    "score": 0.3395615220069885,
    "translation_camera": [
      0.10443318635225296,
      0.03916415944695473,
      0.4180000126361847
    ],
    "rotation_matrix_camera": [
      [
        0.8544597029685974,
        -0.49094492197036743,
        -0.16991698741912842
      ],
      [
        -0.517707347869873,
        -0.8319324851036072,
        -0.199668288230896
      ],
      [
        -0.04333333298563957,
        0.25857576727867126,
        -0.9650185108184814
      ]
    ],
    "width": 0.06812124699354172,
    "height": 0.019999999552965164,
    "depth": 0.029999999329447746,
    "object_id": -1,
    "frame": "RealSense D455 aligned color camera frame",
    "rank": 0,
    "distance_to_object_center": 0.0739080787946608
  },
  "object_center_camera": [
    0.12283215037047233,
    -0.021497881207841327,
    0.3800000250339508
  ],
  "frame": "RealSense D455 aligned color camera frame",
  "note": "Masih camera frame. Perlu transform camera-to-base sebelum eksekusi UR5.",
  "meta": {
    "object_center_camera": [
      0.12283215037047233,
      -0.021497881207841327,
      0.3800000250339508
    ],
    "num_mask_points": 8802,
    "num_workspace_points": 6399,
    "num_cloud_masked": 6399,
    "rgb_path": "/home/b401/Documents/pick_place_occlusion_noetic/data/d455_capture/current_scene_rgb.jpg",
    "depth_path": "/home/b401/Documents/pick_place_occlusion_noetic/data/d455_capture/depth_raw.npy",
    "intrinsics_path": "/home/b401/Documents/pick_place_occlusion_noetic/data/d455_capture/camera_intrinsics.json",
    "mask_path": "/home/b401/Documents/pick_place_occlusion_noetic/outputs/TC_10_GMN_YOLO/vision_output/fastsam_mask.png",
    "intrinsics": {
      "width": 640,
      "height": 480,
      "fx": 386.0396728515625,
      "fy": 385.5952453613281,
      "ppx": 326.5517883300781,
      "ppy": 244.87197875976562,
      "depth_scale": 0.0010000000474974513
    },
    "depth_scale": 0.0010000000474974513,
    "factor_depth": 999.999952502551,
    "frame": "RealSense D455 aligned color camera frame"
  }
}