{
  "pointcloud_path": "/home/b401/Documents/pick_place_occlusion_noetic/outputs/TC_07_OA_YOLO/vision_output/masked_object_pointcloud_median_fill.ply",
  "clean_mask_path": null,
  "method": "median_fill_all_mask_pixels",
  "use_median_fill": true,
  "mask_pixels": 8392,
  "valid_depth_pixels": 6427,
  "zero_depth_pixels": 1965,
  "final_points": 8390,
  "median_depth_m": 0.37700000405311584,
  "mean_depth_m": 0.37754738330841064,
  "center_mean_camera_m": [
    0.022298731975739155,
    -0.031871877047827846,
    0.37739000114056154
  ],
  "center_median_camera_m": [
    0.021940473467111588,
    -0.03216550499200821,
    0.37700000405311584
  ],
  "frame": "RealSense D455 aligned color camera frame",
  "note": "Point cloud masih camera frame, belum base frame UR5."
}