{
  "object": "red soda can",
  "pixel_center_uv": [
    343,
    210
  ],
  "pixel_center_uv_mean": [
    343,
    209
  ],
  "median_depth_m": 0.3890000283718109,
  "mean_depth_m": 0.39355000853538513,
  "point_camera_m": [
    0.016869664192199707,
    -0.03526351600885391,
    0.3890000283718109
  ],
  "point_camera_mean_m": [
    0.017252130433917046,
    -0.035032209008932114,
    0.3924466669559479
  ],
  "debug": {
    "mask_pixels": 7850,
    "valid_depth_pixels": 5960,
    "valid_depth_ratio": 0.759235668789809,
    "used_pixels_after_depth_fill": 7850,
    "min_depth_m": 0.1,
    "max_depth_m": 2.0,
    "depth_scale": 0.0010000000474974513,
    "fx": 385.6192626953125,
    "fy": 385.17535400390625,
    "ppx": 326.5517883300781,
    "ppy": 244.87197875976562,
    "method": "all_mask_pixels_with_invalid_depth_filled_by_median_depth"
  },
  "frame": "RealSense D455 aligned color camera frame",
  "note": "Belum ditransformasikan ke base frame UR5."
}