{
  "success": true,
  "method": "graspnet_baseline_d455",
  "best_grasp": {
    "score": 0.22416412830352783,
    "translation_camera": [
      0.0836341604590416,
      0.018867656588554382,
      0.4010000228881836
    ],
    "rotation_matrix_camera": [
      [
        -0.02387956529855728,
        -0.004959153011441231,
        -0.9997025728225708
      ],
      [
        -0.9788183569908142,
        -0.20327284932136536,
        0.024389071390032768
      ],
      [
        -0.20333333313465118,
        0.9791096448898315,
        -4.2798241395303194e-08
      ]
    ],
    "width": 0.06944337487220764,
    "height": 0.019999999552965164,
    "depth": 0.019999999552965164,
    "object_id": -1,
    "frame": "RealSense D455 aligned color camera frame",
    "rank": 0,
    "distance_to_object_center": 0.07129542916519617
  },
  "object_center_camera": [
    0.0735019414804098,
    -0.030935708421508147,
    0.45100003480911255
  ],
  "frame": "RealSense D455 aligned color camera frame",
  "note": "Masih camera frame. Perlu transform camera-to-base sebelum eksekusi UR5.",
  "meta": {
    "object_center_camera": [
      0.0735019414804098,
      -0.030935708421508147,
      0.45100003480911255
    ],
    "num_mask_points": 5563,
    "num_workspace_points": 4155,
    "num_cloud_masked": 4155,
    "rgb_path": "/home/b401/Documents/pick_place_occlusion_noetic/data/d455_capture/current_scene_rgb.jpg",
    "depth_path": "/home/b401/Documents/pick_place_occlusion_noetic/data/d455_capture/depth_raw.npy",
    "intrinsics_path": "/home/b401/Documents/pick_place_occlusion_noetic/data/d455_capture/camera_intrinsics.json",
    "mask_path": "/home/b401/Documents/pick_place_occlusion_noetic/outputs/TC_12_OA_YOLO/vision_output/fastsam_mask.png",
    "intrinsics": {
      "width": 640,
      "height": 480,
      "fx": 385.724365234375,
      "fy": 385.28033447265625,
      "ppx": 326.5517883300781,
      "ppy": 244.87197875976562,
      "depth_scale": 0.0010000000474974513
    },
    "depth_scale": 0.0010000000474974513,
    "factor_depth": 999.999952502551,
    "frame": "RealSense D455 aligned color camera frame"
  }
}