{
  "pointcloud_path": "/home/b401/Documents/pick_place_occlusion_noetic/outputs/single_4steps_water_003/vision_output/masked_object_pointcloud_median_fill.ply",
  "clean_mask_path": null,
  "method": "median_fill_all_mask_pixels",
  "use_median_fill": true,
  "mask_pixels": 4887,
  "valid_depth_pixels": 3978,
  "zero_depth_pixels": 902,
  "final_points": 4642,
  "median_depth_m": 0.34300002455711365,
  "mean_depth_m": 0.3448745906352997,
  "center_mean_camera_m": [
    -0.05863803149253541,
    0.008651185543475244,
    0.34448946214400195
  ],
  "center_median_camera_m": [
    -0.05874059349298477,
    0.008779995143413544,
    0.34300002455711365
  ],
  "frame": "RealSense D455 aligned color camera frame",
  "note": "Point cloud masih camera frame, belum base frame UR5."
}