{
  "object": "blue water bottle",
  "pixel_center_uv": [
    333,
    162
  ],
  "pixel_center_uv_mean": [
    332,
    171
  ],
  "median_depth_m": 0.45600003004074097,
  "mean_depth_m": 0.4591093361377716,
  "point_camera_m": [
    0.007673171348869801,
    -0.09808344393968582,
    0.45600003004074097
  ],
  "point_camera_mean_m": [
    0.007042075041681528,
    -0.08762259036302567,
    0.4568835198879242
  ],
  "debug": {
    "mask_pixels": 6149,
    "valid_depth_pixels": 1692,
    "valid_depth_ratio": 0.27516669377134495,
    "used_pixels_after_depth_fill": 6149,
    "min_depth_m": 0.1,
    "max_depth_m": 2.0,
    "depth_scale": 0.0010000000474974513,
    "fx": 385.724365234375,
    "fy": 385.28033447265625,
    "ppx": 326.5517883300781,
    "ppy": 244.87197875976562,
    "method": "all_mask_pixels_with_invalid_depth_filled_by_median_depth"
  },
  "frame": "RealSense D455 aligned color camera frame",
  "note": "Belum ditransformasikan ke base frame UR5."
}