{
  "pointcloud_path": "/home/b401/Documents/pick_place_occlusion_noetic/outputs/water_006/vision_output/masked_object_pointcloud_median_fill.ply",
  "clean_mask_path": null,
  "method": "median_fill_all_mask_pixels",
  "use_median_fill": true,
  "mask_pixels": 13003,
  "valid_depth_pixels": 6170,
  "zero_depth_pixels": 6833,
  "final_points": 12650,
  "median_depth_m": 0.30100002884864807,
  "mean_depth_m": 0.3036026060581207,
  "center_mean_camera_m": [
    -0.10233089849117245,
    -0.031254981329709795,
    0.30172002348032867
  ],
  "center_median_camera_m": [
    -0.10262847691774368,
    -0.03192250803112984,
    0.30100002884864807
  ],
  "frame": "RealSense D455 aligned color camera frame",
  "note": "Point cloud masih camera frame, belum base frame UR5."
}