{
  "pointcloud_path": "/home/b401/Documents/pick_place_occlusion_noetic/outputs/TC_10_OA_YOLO/vision_output/masked_object_pointcloud_median_fill.ply",
  "clean_mask_path": null,
  "method": "median_fill_all_mask_pixels",
  "use_median_fill": true,
  "mask_pixels": 7195,
  "valid_depth_pixels": 5734,
  "zero_depth_pixels": 1461,
  "final_points": 7135,
  "median_depth_m": 0.40300002694129944,
  "mean_depth_m": 0.4047788977622986,
  "center_mean_camera_m": [
    -0.02358289837356547,
    -0.03342971336516665,
    0.40439623570893307
  ],
  "center_median_camera_m": [
    -0.023367328569293022,
    -0.03418523445725441,
    0.40300002694129944
  ],
  "frame": "RealSense D455 aligned color camera frame",
  "note": "Point cloud masih camera frame, belum base frame UR5."
}