{
  "object": "green soda can",
  "pixel_center_uv": [
    304,
    213
  ],
  "pixel_center_uv_mean": [
    303,
    212
  ],
  "median_depth_m": 0.40300002694129944,
  "mean_depth_m": 0.4047788977622986,
  "point_camera_m": [
    -0.023484162986278534,
    -0.03405735641717911,
    0.40300002694129944
  ],
  "point_camera_mean_m": [
    -0.023724934086203575,
    -0.03338634595274925,
    0.40441954135894775
  ],
  "debug": {
    "mask_pixels": 7194,
    "valid_depth_pixels": 5734,
    "valid_depth_ratio": 0.7970530998053934,
    "used_pixels_after_depth_fill": 7194,
    "min_depth_m": 0.1,
    "max_depth_m": 2.0,
    "depth_scale": 0.0010000000474974513,
    "fx": 386.0396728515625,
    "fy": 385.5952453613281,
    "ppx": 326.5517883300781,
    "ppy": 244.87197875976562,
    "method": "all_mask_pixels_with_invalid_depth_filled_by_median_depth"
  },
  "frame": "RealSense D455 aligned color camera frame",
  "note": "Belum ditransformasikan ke base frame UR5."
}