{
  "success": true,
  "frame": "base",
  "target_link": "tool0",
  "source_target": "gripper_tip",
  "active_test_name": "TC_10_OA_YOLO",
  "translation_tool0_pregrasp": [
    -0.5134634440831779,
    0.5005304789771015,
    0.40210409415311177
  ],
  "quaternion_tool0_xyzw": [
    -0.28340175782789895,
    0.6661598976406625,
    0.6411123643592581,
    -0.25473392137899675
  ],
  "rpy_tool0_rad": [
    1.619,
    0.024,
    -2.36
  ],
  "orientation_source": "fixed_rpy",
  "gripper_tip_grasp_base": [
    -0.5829346480486353,
    0.58119352299008,
    0.263915001861161
  ],
  "gripper_tip_pregrasp_base": [
    -0.5829346480486353,
    0.58119352299008,
    0.393915001861161
  ],
  "tool0_to_gripper_tip_offset_tool_frame": [
    0.0,
    0.0,
    0.17
  ],
  "pregrasp_z_m": 0.13,
  "score": 0.422929584980011,
  "width": 0.06607509404420853,
  "depth": 0.019999999552965164,
  "height": 0.019999999552965164,
  "source_file": "/home/b401/Documents/pick_place_occlusion_noetic/outputs/TC_10_OA_YOLO/vision_output/best_grasp_base.json",
  "note": "Kirim translation_tool0_pregrasp + quaternion_tool0_xyzw ke MoveIt sebagai target tool0. Jangan kirim gripper_tip_grasp_base langsung ke MoveIt.",
  "manual_nudge_base_m": {
    "dx": -0.05,
    "dy": 0.04,
    "dz": 0.0
  },
  "manual_nudge_history": [
    {
      "from": [
        -0.46346344408317786,
        0.4605304789771015,
        0.40210409415311177
      ],
      "to": [
        -0.5134634440831779,
        0.5005304789771015,
        0.40210409415311177
      ],
      "dx": -0.05,
      "dy": 0.04,
      "dz": 0.0,
      "frame": "base"
    }
  ],
  "note_nudge": "translation_tool0_pregrasp digeser manual dalam frame base. dx/dy/dz satuannya meter."
}