{
  "pointcloud_path": "/home/b401/Documents/pick_place_occlusion_noetic/outputs/sprite_3steps_002/vision_output/masked_object_pointcloud_median_fill.ply",
  "clean_mask_path": null,
  "method": "median_fill_all_mask_pixels",
  "use_median_fill": true,
  "mask_pixels": 6362,
  "valid_depth_pixels": 4077,
  "zero_depth_pixels": 2285,
  "final_points": 6106,
  "median_depth_m": 0.3460000157356262,
  "mean_depth_m": 0.34624430537223816,
  "center_mean_camera_m": [
    -0.12779499942426442,
    -0.03311519245674146,
    0.34604063193270157
  ],
  "center_median_camera_m": [
    -0.12727925181388855,
    -0.034010834991931915,
    0.3460000157356262
  ],
  "frame": "RealSense D455 aligned color camera frame",
  "note": "Point cloud masih camera frame, belum base frame UR5."
}