{
  "pointcloud_path": "/home/b401/Documents/pick_place_occlusion_noetic/outputs/milkis/vision_output/masked_object_pointcloud_median_fill.ply",
  "clean_mask_path": null,
  "method": "median_fill_all_mask_pixels",
  "use_median_fill": true,
  "mask_pixels": 11505,
  "valid_depth_pixels": 7756,
  "zero_depth_pixels": 3532,
  "final_points": 11498,
  "median_depth_m": 0.31700000166893005,
  "mean_depth_m": 0.31886759400367737,
  "center_mean_camera_m": [
    -0.07306930689624878,
    -0.03077996524080391,
    0.3181843898942894
  ],
  "center_median_camera_m": [
    -0.07279438525438309,
    -0.03087373450398445,
    0.31700000166893005
  ],
  "frame": "RealSense D455 aligned color camera frame",
  "note": "Point cloud masih camera frame, belum base frame UR5."
}