{
  "pointcloud_path": "/home/b401/Documents/pick_place_occlusion_noetic/outputs/TC_12_GMN_YOLO/vision_output/masked_object_pointcloud_median_fill.ply",
  "clean_mask_path": null,
  "method": "median_fill_all_mask_pixels",
  "use_median_fill": true,
  "mask_pixels": 10149,
  "valid_depth_pixels": 3457,
  "zero_depth_pixels": 6377,
  "final_points": 9734,
  "median_depth_m": 0.43800002336502075,
  "mean_depth_m": 0.43882670998573303,
  "center_mean_camera_m": [
    -0.043777231842115634,
    -0.07052670803973639,
    0.4381172405404674
  ],
  "center_median_camera_m": [
    -0.0437646321952343,
    -0.07145556807518005,
    0.43800002336502075
  ],
  "frame": "RealSense D455 aligned color camera frame",
  "note": "Point cloud masih camera frame, belum base frame UR5."
}