{
  "pointcloud_path": "/home/b401/Documents/pick_place_occlusion_noetic/outputs/TC_01_GMN_VLM/vision_output/masked_object_pointcloud_median_fill.ply",
  "clean_mask_path": null,
  "method": "median_fill_all_mask_pixels",
  "use_median_fill": true,
  "mask_pixels": 6019,
  "valid_depth_pixels": 4704,
  "zero_depth_pixels": 1315,
  "final_points": 6005,
  "median_depth_m": 0.4020000100135803,
  "mean_depth_m": 0.40321260690689087,
  "center_mean_camera_m": [
    -0.01460373771586184,
    -0.026456458646943484,
    0.4027840294012122
  ],
  "center_median_camera_m": [
    -0.014193872921168804,
    -0.023923899978399277,
    0.4020000100135803
  ],
  "frame": "RealSense D455 aligned color camera frame",
  "note": "Point cloud masih camera frame, belum base frame UR5."
}