{
  "success": true,
  "method": "graspnet_baseline_d455",
  "best_grasp": {
    "score": 0.3904806971549988,
    "translation_camera": [
      -0.015877744182944298,
      -0.014596773311495781,
      0.2980000078678131
    ],
    "rotation_matrix_camera": [
      [
        0.4980229139328003,
        -0.6140506863594055,
        -0.6123030185699463
      ],
      [
        -0.3856969475746155,
        0.47555533051490784,
        -0.790623128414154
      ],
      [
        0.7766667008399963,
        0.6299118399620056,
        -2.7534321489497415e-08
      ]
    ],
    "width": 0.07140845060348511,
    "height": 0.019999999552965164,
    "depth": 0.019999999552965164,
    "object_id": -1,
    "frame": "RealSense D455 aligned color camera frame",
    "rank": 0,
    "distance_to_object_center": 0.018688496244447492
  },
  "object_center_camera": [
    -0.029011476137926026,
    -0.0014527647676405232,
    0.30000001192092896
  ],
  "frame": "RealSense D455 aligned color camera frame",
  "note": "Masih camera frame. Perlu transform camera-to-base sebelum eksekusi UR5.",
  "meta": {
    "object_center_camera": [
      -0.029011476137926026,
      -0.0014527647676405232,
      0.30000001192092896
    ],
    "num_mask_points": 15577,
    "num_workspace_points": 5974,
    "num_cloud_masked": 5974,
    "rgb_path": "/home/b401/Documents/pick_place_occlusion_noetic/data/d455_capture/current_scene_rgb.jpg",
    "depth_path": "/home/b401/Documents/pick_place_occlusion_noetic/data/d455_capture/depth_raw.npy",
    "intrinsics_path": "/home/b401/Documents/pick_place_occlusion_noetic/data/d455_capture/camera_intrinsics.json",
    "mask_path": "/home/b401/Documents/pick_place_occlusion_noetic/outputs/sprite_3steps_003/vision_output/fastsam_mask.png",
    "intrinsics": {
      "width": 640,
      "height": 480,
      "fx": 385.724365234375,
      "fy": 385.28033447265625,
      "ppx": 326.5517883300781,
      "ppy": 244.87197875976562,
      "depth_scale": 0.0010000000474974513
    },
    "depth_scale": 0.0010000000474974513,
    "factor_depth": 999.999952502551,
    "frame": "RealSense D455 aligned color camera frame"
  }
}