{
  "object": "green bottle",
  "pixel_center_uv": [
    314,
    212
  ],
  "pixel_center_uv_mean": [
    314,
    209
  ],
  "median_depth_m": 0.38750001788139343,
  "mean_depth_m": 0.396384596824646,
  "point_camera_m": [
    -0.01260613463819027,
    -0.03305235505104065,
    0.38750001788139343
  ],
  "point_camera_mean_m": [
    -0.012539166025817394,
    -0.035672347992658615,
    0.3875386416912079
  ],
  "debug": {
    "mask_pixels": 14025,
    "valid_depth_pixels": 26,
    "valid_depth_ratio": 0.0018538324420677363,
    "used_pixels_after_depth_fill": 14025,
    "min_depth_m": 0.1,
    "max_depth_m": 2.0,
    "depth_scale": 0.0010000000474974513,
    "fx": 385.8294677734375,
    "fy": 385.38531494140625,
    "ppx": 326.5517883300781,
    "ppy": 244.87197875976562,
    "method": "all_mask_pixels_with_invalid_depth_filled_by_median_depth"
  },
  "frame": "RealSense D455 aligned color camera frame",
  "note": "Belum ditransformasikan ke base frame UR5."
}