{
  "object": "blue can",
  "pixel_center_uv": [
    288,
    214
  ],
  "pixel_center_uv_mean": [
    287,
    214
  ],
  "median_depth_m": 0.2990000247955322,
  "mean_depth_m": 0.30357804894447327,
  "point_camera_m": [
    -0.02988399751484394,
    -0.024038584902882576,
    0.2990000247955322
  ],
  "point_camera_mean_m": [
    -0.03062821738421917,
    -0.024145405739545822,
    0.3008956015110016
  ],
  "debug": {
    "mask_pixels": 13456,
    "valid_depth_pixels": 5512,
    "valid_depth_ratio": 0.40963139120095127,
    "used_pixels_after_depth_fill": 13456,
    "min_depth_m": 0.1,
    "max_depth_m": 2.0,
    "depth_scale": 0.0010000000474974513,
    "fx": 385.724365234375,
    "fy": 385.28033447265625,
    "ppx": 326.5517883300781,
    "ppy": 244.87197875976562,
    "method": "all_mask_pixels_with_invalid_depth_filled_by_median_depth"
  },
  "frame": "RealSense D455 aligned color camera frame",
  "note": "Belum ditransformasikan ke base frame UR5."
}