{
  "success": true,
  "method": "graspnet_baseline_d455",
  "best_grasp": {
    "score": 0.4007226824760437,
    "translation_camera": [
      0.088200144469738,
      -0.08488596230745316,
      0.3680000305175781
    ],
    "rotation_matrix_camera": [
      [
        -0.6358653903007507,
        0.11885833740234375,
        -0.7625928521156311
      ],
      [
        -0.05268014967441559,
        0.9790823459625244,
        0.19652634859085083
      ],
      [
        0.7699999809265137,
        0.16513781249523163,
        -0.6163030862808228
      ]
    ],
    "width": 0.07663888484239578,
    "height": 0.019999999552965164,
    "depth": 0.029999999329447746,
    "object_id": -1,
    "frame": "RealSense D455 aligned color camera frame",
    "rank": 0,
    "distance_to_object_center": 0.05770095688201711
  },
  "object_center_camera": [
    0.06987599634716743,
    -0.030208489757325062,
    0.3660000264644623
  ],
  "frame": "RealSense D455 aligned color camera frame",
  "note": "Masih camera frame. Perlu transform camera-to-base sebelum eksekusi UR5.",
  "meta": {
    "object_center_camera": [
      0.06987599634716743,
      -0.030208489757325062,
      0.3660000264644623
    ],
    "num_mask_points": 10999,
    "num_workspace_points": 7446,
    "num_cloud_masked": 7446,
    "rgb_path": "/home/b401/Documents/pick_place_occlusion_noetic/data/d455_capture/current_scene_rgb.jpg",
    "depth_path": "/home/b401/Documents/pick_place_occlusion_noetic/data/d455_capture/depth_raw.npy",
    "intrinsics_path": "/home/b401/Documents/pick_place_occlusion_noetic/data/d455_capture/camera_intrinsics.json",
    "mask_path": "/home/b401/Documents/pick_place_occlusion_noetic/outputs/sprite_3steps_003/vision_output/fastsam_mask.png",
    "intrinsics": {
      "width": 640,
      "height": 480,
      "fx": 385.724365234375,
      "fy": 385.28033447265625,
      "ppx": 326.5517883300781,
      "ppy": 244.87197875976562,
      "depth_scale": 0.0010000000474974513
    },
    "depth_scale": 0.0010000000474974513,
    "factor_depth": 999.999952502551,
    "frame": "RealSense D455 aligned color camera frame"
  }
}