{
  "object": "green soda can",
  "pixel_center_uv": [
    241,
    210
  ],
  "pixel_center_uv_mean": [
    241,
    210
  ],
  "median_depth_m": 0.4220000207424164,
  "mean_depth_m": 0.4228614866733551,
  "point_camera_m": [
    -0.09246338158845901,
    -0.037913642823696136,
    0.4220000207424164
  ],
  "point_camera_mean_m": [
    -0.09319288283586502,
    -0.037749551236629486,
    0.4226739704608917
  ],
  "debug": {
    "mask_pixels": 6606,
    "valid_depth_pixels": 5118,
    "valid_depth_ratio": 0.7747502270663034,
    "used_pixels_after_depth_fill": 6606,
    "min_depth_m": 0.1,
    "max_depth_m": 2.0,
    "depth_scale": 0.0010000000474974513,
    "fx": 385.8294677734375,
    "fy": 385.38531494140625,
    "ppx": 326.5517883300781,
    "ppy": 244.87197875976562,
    "method": "all_mask_pixels_with_invalid_depth_filled_by_median_depth"
  },
  "frame": "RealSense D455 aligned color camera frame",
  "note": "Belum ditransformasikan ke base frame UR5."
}