{
  "success": true,
  "method": "graspnet_baseline_d455",
  "best_grasp": {
    "score": 0.39072588086128235,
    "translation_camera": [
      -0.02290191501379013,
      -0.07859021425247192,
      0.4100000262260437
    ],
    "rotation_matrix_camera": [
      [
        0.4980229139328003,
        0.22324463725090027,
        -0.8379349708557129
      ],
      [
        -0.3856969475746155,
        0.9224773645401001,
        0.016531437635421753
      ],
      [
        0.7766667008399963,
        0.3149559199810028,
        0.5455196499824524
      ]
    ],
    "width": 0.07883650064468384,
    "height": 0.019999999552965164,
    "depth": 0.029999999329447746,
    "object_id": -1,
    "frame": "RealSense D455 aligned color camera frame",
    "rank": 0,
    "distance_to_object_center": 0.08257548403483699
  },
  "object_center_camera": [
    -0.028972135912954375,
    -0.12647406077910694,
    0.47700002789497375
  ],
  "frame": "RealSense D455 aligned color camera frame",
  "note": "Masih camera frame. Perlu transform camera-to-base sebelum eksekusi UR5.",
  "meta": {
    "object_center_camera": [
      -0.028972135912954375,
      -0.12647406077910694,
      0.47700002789497375
    ],
    "num_mask_points": 6457,
    "num_workspace_points": 2640,
    "num_cloud_masked": 2640,
    "rgb_path": "/home/b401/Documents/pick_place_occlusion_noetic/data/d455_capture/current_scene_rgb.jpg",
    "depth_path": "/home/b401/Documents/pick_place_occlusion_noetic/data/d455_capture/depth_raw.npy",
    "intrinsics_path": "/home/b401/Documents/pick_place_occlusion_noetic/data/d455_capture/camera_intrinsics.json",
    "mask_path": "/home/b401/Documents/pick_place_occlusion_noetic/outputs/TC_10_OA_YOLO/vision_output/fastsam_mask.png",
    "intrinsics": {
      "width": 640,
      "height": 480,
      "fx": 385.8294677734375,
      "fy": 385.38531494140625,
      "ppx": 326.5517883300781,
      "ppy": 244.87197875976562,
      "depth_scale": 0.0010000000474974513
    },
    "depth_scale": 0.0010000000474974513,
    "factor_depth": 999.999952502551,
    "frame": "RealSense D455 aligned color camera frame"
  }
}