{
  "object": "red soda can",
  "pixel_center_uv": [
    341,
    213
  ],
  "pixel_center_uv_mean": [
    340,
    212
  ],
  "median_depth_m": 0.4400000274181366,
  "mean_depth_m": 0.44175541400909424,
  "point_camera_m": [
    0.01640632003545761,
    -0.037455324083566666,
    0.4400000274181366
  ],
  "point_camera_mean_m": [
    0.016395995393395424,
    -0.03692970424890518,
    0.4414609372615814
  ],
  "debug": {
    "mask_pixels": 6269,
    "valid_depth_pixels": 5258,
    "valid_depth_ratio": 0.8387302600095708,
    "used_pixels_after_depth_fill": 6269,
    "min_depth_m": 0.1,
    "max_depth_m": 2.0,
    "depth_scale": 0.0010000000474974513,
    "fx": 385.724365234375,
    "fy": 385.28033447265625,
    "ppx": 326.5517883300781,
    "ppy": 244.87197875976562,
    "method": "all_mask_pixels_with_invalid_depth_filled_by_median_depth"
  },
  "frame": "RealSense D455 aligned color camera frame",
  "note": "Belum ditransformasikan ke base frame UR5."
}