{
  "pointcloud_path": "/home/b401/Documents/pick_place_occlusion_noetic/outputs/cola_1steps/vision_output/masked_object_pointcloud_median_fill.ply",
  "clean_mask_path": null,
  "method": "median_fill_all_mask_pixels",
  "use_median_fill": true,
  "mask_pixels": 6267,
  "valid_depth_pixels": 5214,
  "zero_depth_pixels": 1053,
  "final_points": 6058,
  "median_depth_m": 0.4410000145435333,
  "mean_depth_m": 0.44196435809135437,
  "center_mean_camera_m": [
    0.0170902787618215,
    -0.03777634248441685,
    0.44166987858892237
  ],
  "center_median_camera_m": [
    0.017336871474981308,
    -0.038760021328926086,
    0.4410000145435333
  ],
  "frame": "RealSense D455 aligned color camera frame",
  "note": "Point cloud masih camera frame, belum base frame UR5."
}