{
  "object": "clear water bottle",
  "pixel_center_uv": [
    357,
    182
  ],
  "pixel_center_uv_mean": [
    357,
    182
  ],
  "median_depth_m": 0.42000001668930054,
  "mean_depth_m": 0.42484304308891296,
  "point_camera_m": [
    0.03377615287899971,
    -0.06851904094219208,
    0.42000001668930054
  ],
  "point_camera_mean_m": [
    0.033581409603357315,
    -0.06808837503194809,
    0.4212905466556549
  ],
  "debug": {
    "mask_pixels": 10582,
    "valid_depth_pixels": 2899,
    "valid_depth_ratio": 0.273955773955774,
    "used_pixels_after_depth_fill": 10582,
    "min_depth_m": 0.1,
    "max_depth_m": 2.0,
    "depth_scale": 0.0010000000474974513,
    "fx": 385.8294677734375,
    "fy": 385.38531494140625,
    "ppx": 326.5517883300781,
    "ppy": 244.87197875976562,
    "method": "all_mask_pixels_with_invalid_depth_filled_by_median_depth"
  },
  "frame": "RealSense D455 aligned color camera frame",
  "note": "Belum ditransformasikan ke base frame UR5."
}