{
  "pointcloud_path": "/home/b401/Documents/pick_place_occlusion_noetic/outputs/sprite_2steps_005/vision_output/masked_object_pointcloud_median_fill.ply",
  "clean_mask_path": null,
  "method": "median_fill_all_mask_pixels",
  "use_median_fill": true,
  "mask_pixels": 13233,
  "valid_depth_pixels": 1921,
  "zero_depth_pixels": 11068,
  "final_points": 13135,
  "median_depth_m": 0.30000001192092896,
  "mean_depth_m": 0.3032264709472656,
  "center_mean_camera_m": [
    -0.0025010655017352165,
    -0.029924420486530705,
    0.3000730236356232
  ],
  "center_median_camera_m": [
    -0.002761677373200655,
    -0.030259571969509125,
    0.30000001192092896
  ],
  "frame": "RealSense D455 aligned color camera frame",
  "note": "Point cloud masih camera frame, belum base frame UR5."
}