{
  "success": true,
  "method": "graspnet_baseline_d455",
  "best_grasp": {
    "score": 0.25856006145477295,
    "translation_camera": [
      -0.07920809090137482,
      -0.05559191107749939,
      0.37000003457069397
    ],
    "rotation_matrix_camera": [
      [
        0.8618829250335693,
        0.2416844666004181,
        -0.44580990076065063
      ],
      [
        -0.4292526841163635,
        -0.12036871165037155,
        -0.8951276540756226
      ],
      [
        -0.27000001072883606,
        0.9628603458404541,
        -4.2087961560355325e-08
      ]
    ],
    "width": 0.06413377821445465,
    "height": 0.019999999552965164,
    "depth": 0.019999999552965164,
    "object_id": -1,
    "frame": "RealSense D455 aligned color camera frame",
    "rank": 0,
    "distance_to_object_center": 0.02447460802432772
  },
  "object_center_camera": [
    -0.07612330123799559,
    -0.031832901031605465,
    0.3750000298023224
  ],
  "frame": "RealSense D455 aligned color camera frame",
  "note": "Masih camera frame. Perlu transform camera-to-base sebelum eksekusi UR5.",
  "meta": {
    "object_center_camera": [
      -0.07612330123799559,
      -0.031832901031605465,
      0.3750000298023224
    ],
    "num_mask_points": 10117,
    "num_workspace_points": 7106,
    "num_cloud_masked": 7106,
    "rgb_path": "/home/b401/Documents/pick_place_occlusion_noetic/data/d455_capture/current_scene_rgb.jpg",
    "depth_path": "/home/b401/Documents/pick_place_occlusion_noetic/data/d455_capture/depth_raw.npy",
    "intrinsics_path": "/home/b401/Documents/pick_place_occlusion_noetic/data/d455_capture/camera_intrinsics.json",
    "mask_path": "/home/b401/Documents/pick_place_occlusion_noetic/outputs/water_3steps/vision_output/fastsam_mask.png",
    "intrinsics": {
      "width": 640,
      "height": 480,
      "fx": 385.6192626953125,
      "fy": 385.17535400390625,
      "ppx": 326.5517883300781,
      "ppy": 244.87197875976562,
      "depth_scale": 0.0010000000474974513
    },
    "depth_scale": 0.0010000000474974513,
    "factor_depth": 999.999952502551,
    "frame": "RealSense D455 aligned color camera frame"
  }
}