{
  "object": "red soda can",
  "pixel_center_uv": [
    318,
    208
  ],
  "pixel_center_uv_mean": [
    318,
    208
  ],
  "median_depth_m": 0.3460000157356262,
  "mean_depth_m": 0.3467174470424652,
  "point_camera_m": [
    -0.007515875622630119,
    -0.03282568231225014,
    0.3460000157356262
  ],
  "point_camera_mean_m": [
    -0.007317314390093088,
    -0.032552339136600494,
    0.3465167284011841
  ],
  "debug": {
    "mask_pixels": 9723,
    "valid_depth_pixels": 7113,
    "valid_depth_ratio": 0.7315643319962974,
    "used_pixels_after_depth_fill": 9723,
    "min_depth_m": 0.1,
    "max_depth_m": 2.0,
    "depth_scale": 0.0010000000474974513,
    "fx": 385.724365234375,
    "fy": 385.28033447265625,
    "ppx": 326.5517883300781,
    "ppy": 244.87197875976562,
    "method": "all_mask_pixels_with_invalid_depth_filled_by_median_depth"
  },
  "frame": "RealSense D455 aligned color camera frame",
  "note": "Belum ditransformasikan ke base frame UR5."
}