{
  "pointcloud_path": "/home/b401/Documents/pick_place_occlusion_noetic/outputs/TC_02_GMN_YOLO/vision_output/masked_object_pointcloud_median_fill.ply",
  "clean_mask_path": null,
  "method": "median_fill_all_mask_pixels",
  "use_median_fill": true,
  "mask_pixels": 7813,
  "valid_depth_pixels": 5476,
  "zero_depth_pixels": 2337,
  "final_points": 7808,
  "median_depth_m": 0.39900001883506775,
  "mean_depth_m": 0.3989010453224182,
  "center_mean_camera_m": [
    0.008187929722527739,
    -0.032967934543952665,
    0.3989006336282206
  ],
  "center_median_camera_m": [
    0.008530906867235899,
    -0.0320514477789402,
    0.39900001883506775
  ],
  "frame": "RealSense D455 aligned color camera frame",
  "note": "Point cloud masih camera frame, belum base frame UR5."
}