{
  "object": "green soda can",
  "pixel_center_uv": [
    255,
    210
  ],
  "pixel_center_uv_mean": [
    254,
    209
  ],
  "median_depth_m": 0.4020000100135803,
  "mean_depth_m": 0.40492352843284607,
  "point_camera_m": [
    -0.07438541948795319,
    -0.03705626353621483,
    0.4020000100135803
  ],
  "point_camera_mean_m": [
    -0.0750170573592186,
    -0.036479588598012924,
    0.40432289242744446
  ],
  "debug": {
    "mask_pixels": 7283,
    "valid_depth_pixels": 5791,
    "valid_depth_ratio": 0.7951393656460249,
    "used_pixels_after_depth_fill": 7283,
    "min_depth_m": 0.1,
    "max_depth_m": 2.0,
    "depth_scale": 0.0010000000474974513,
    "fx": 385.724365234375,
    "fy": 385.28033447265625,
    "ppx": 326.5517883300781,
    "ppy": 244.87197875976562,
    "method": "all_mask_pixels_with_invalid_depth_filled_by_median_depth"
  },
  "frame": "RealSense D455 aligned color camera frame",
  "note": "Belum ditransformasikan ke base frame UR5."
}