{
  "object": "blue water bottle",
  "pixel_center_uv": [
    293,
    189
  ],
  "pixel_center_uv_mean": [
    292,
    189
  ],
  "median_depth_m": 0.48100003600120544,
  "mean_depth_m": 0.4837658107280731,
  "point_camera_m": [
    -0.04210089519619942,
    -0.06975290924310684,
    0.48100003600120544
  ],
  "point_camera_mean_m": [
    -0.04253765568137169,
    -0.06948170810937881,
    0.48185762763023376
  ],
  "debug": {
    "mask_pixels": 8644,
    "valid_depth_pixels": 2758,
    "valid_depth_ratio": 0.3190652475705692,
    "used_pixels_after_depth_fill": 8644,
    "min_depth_m": 0.1,
    "max_depth_m": 2.0,
    "depth_scale": 0.0010000000474974513,
    "fx": 385.724365234375,
    "fy": 385.28033447265625,
    "ppx": 326.5517883300781,
    "ppy": 244.87197875976562,
    "method": "all_mask_pixels_with_invalid_depth_filled_by_median_depth"
  },
  "frame": "RealSense D455 aligned color camera frame",
  "note": "Belum ditransformasikan ke base frame UR5."
}