{
  "success": true,
  "method": "graspnet_baseline_d455",
  "best_grasp": {
    "score": 0.3142189383506775,
    "translation_camera": [
      -0.041509222239255905,
      -0.1683536320924759,
      0.4920000433921814
    ],
    "rotation_matrix_camera": [
      [
        0.14391817152500153,
        -0.43786168098449707,
        -0.8874484300613403
      ],
      [
        -0.2771056890487671,
        0.8430759906768799,
        -0.4609070420265198
      ],
      [
        0.949999988079071,
        0.31224989891052246,
        -1.3648876695526724e-08
      ]
    ],
    "width": 0.07193724811077118,
    "height": 0.019999999552965164,
    "depth": 0.019999999552965164,
    "object_id": -1,
    "frame": "RealSense D455 aligned color camera frame",
    "rank": 0,
    "distance_to_object_center": 0.045166386454057315
  },
  "object_center_camera": [
    -0.029109771030831927,
    -0.12691384713284262,
    0.4790000319480896
  ],
  "frame": "RealSense D455 aligned color camera frame",
  "note": "Masih camera frame. Perlu transform camera-to-base sebelum eksekusi UR5.",
  "meta": {
    "object_center_camera": [
      -0.029109771030831927,
      -0.12691384713284262,
      0.4790000319480896
    ],
    "num_mask_points": 6462,
    "num_workspace_points": 2924,
    "num_cloud_masked": 2924,
    "rgb_path": "/home/b401/Documents/pick_place_occlusion_noetic/data/d455_capture/current_scene_rgb.jpg",
    "depth_path": "/home/b401/Documents/pick_place_occlusion_noetic/data/d455_capture/depth_raw.npy",
    "intrinsics_path": "/home/b401/Documents/pick_place_occlusion_noetic/data/d455_capture/camera_intrinsics.json",
    "mask_path": "/home/b401/Documents/pick_place_occlusion_noetic/outputs/TC_10_OA_YOLO/vision_output/fastsam_mask.png",
    "intrinsics": {
      "width": 640,
      "height": 480,
      "fx": 385.8294677734375,
      "fy": 385.38531494140625,
      "ppx": 326.5517883300781,
      "ppy": 244.87197875976562,
      "depth_scale": 0.0010000000474974513
    },
    "depth_scale": 0.0010000000474974513,
    "factor_depth": 999.999952502551,
    "frame": "RealSense D455 aligned color camera frame"
  }
}