{
  "object": "blue water bottle",
  "pixel_center_uv": [
    297,
    147
  ],
  "pixel_center_uv_mean": [
    299,
    165
  ],
  "median_depth_m": 0.48000001907348633,
  "mean_depth_m": 0.47088122367858887,
  "point_camera_m": [
    -0.0355108343064785,
    -0.12186700850725174,
    0.48000001907348633
  ],
  "point_camera_mean_m": [
    -0.032762546092271805,
    -0.09897850453853607,
    0.4755970537662506
  ],
  "debug": {
    "mask_pixels": 4435,
    "valid_depth_pixels": 2138,
    "valid_depth_ratio": 0.48207440811724916,
    "used_pixels_after_depth_fill": 4435,
    "min_depth_m": 0.1,
    "max_depth_m": 2.0,
    "depth_scale": 0.0010000000474974513,
    "fx": 385.9345703125,
    "fy": 385.49029541015625,
    "ppx": 326.5517883300781,
    "ppy": 244.87197875976562,
    "method": "all_mask_pixels_with_invalid_depth_filled_by_median_depth"
  },
  "frame": "RealSense D455 aligned color camera frame",
  "note": "Belum ditransformasikan ke base frame UR5."
}