{
  "object": "red soda can",
  "pixel_center_uv": [
    232,
    213
  ],
  "pixel_center_uv_mean": [
    231,
    212
  ],
  "median_depth_m": 0.3890000283718109,
  "mean_depth_m": 0.39315226674079895,
  "point_camera_m": [
    -0.09535474330186844,
    -0.032848060131073,
    0.3890000283718109
  ],
  "point_camera_mean_m": [
    -0.09626156836748123,
    -0.03318695351481438,
    0.3923400342464447
  ],
  "debug": {
    "mask_pixels": 7964,
    "valid_depth_pixels": 6424,
    "valid_depth_ratio": 0.8066298342541437,
    "used_pixels_after_depth_fill": 7964,
    "min_depth_m": 0.1,
    "max_depth_m": 2.0,
    "depth_scale": 0.0010000000474974513,
    "fx": 385.724365234375,
    "fy": 385.28033447265625,
    "ppx": 326.5517883300781,
    "ppy": 244.87197875976562,
    "method": "all_mask_pixels_with_invalid_depth_filled_by_median_depth"
  },
  "frame": "RealSense D455 aligned color camera frame",
  "note": "Belum ditransformasikan ke base frame UR5."
}