{
  "object": "red soda can",
  "pixel_center_uv": [
    324,
    212
  ],
  "pixel_center_uv_mean": [
    324,
    212
  ],
  "median_depth_m": 0.3960000276565552,
  "mean_depth_m": 0.39791595935821533,
  "point_camera_m": [
    -0.0025727576576173306,
    -0.03352148458361626,
    0.3960000276565552
  ],
  "point_camera_mean_m": [
    -0.0021244145464152098,
    -0.03324197232723236,
    0.3974965214729309
  ],
  "debug": {
    "mask_pixels": 7597,
    "valid_depth_pixels": 5946,
    "valid_depth_ratio": 0.7826773726470976,
    "used_pixels_after_depth_fill": 7597,
    "min_depth_m": 0.1,
    "max_depth_m": 2.0,
    "depth_scale": 0.0010000000474974513,
    "fx": 385.8294677734375,
    "fy": 385.38531494140625,
    "ppx": 326.5517883300781,
    "ppy": 244.87197875976562,
    "method": "all_mask_pixels_with_invalid_depth_filled_by_median_depth"
  },
  "frame": "RealSense D455 aligned color camera frame",
  "note": "Belum ditransformasikan ke base frame UR5."
}