{
  "object": "green soda can",
  "pixel_center_uv": [
    288,
    209
  ],
  "pixel_center_uv_mean": [
    288,
    209
  ],
  "median_depth_m": 0.35600000619888306,
  "mean_depth_m": 0.3562675714492798,
  "point_camera_m": [
    -0.03548099845647812,
    -0.03314580023288727,
    0.35600000619888306
  ],
  "point_camera_mean_m": [
    -0.03549792990088463,
    -0.03224480152130127,
    0.3561861217021942
  ],
  "debug": {
    "mask_pixels": 9193,
    "valid_depth_pixels": 6813,
    "valid_depth_ratio": 0.7411073642989231,
    "used_pixels_after_depth_fill": 9193,
    "min_depth_m": 0.1,
    "max_depth_m": 2.0,
    "depth_scale": 0.0010000000474974513,
    "fx": 385.724365234375,
    "fy": 385.28033447265625,
    "ppx": 326.5517883300781,
    "ppy": 244.87197875976562,
    "method": "all_mask_pixels_with_invalid_depth_filled_by_median_depth"
  },
  "frame": "RealSense D455 aligned color camera frame",
  "note": "Belum ditransformasikan ke base frame UR5."
}