{
  "pointcloud_path": "/home/b401/Documents/pick_place_occlusion_noetic/outputs/MO_OAI_IM_TYP_001/vision_output/masked_object_pointcloud_median_fill.ply",
  "clean_mask_path": null,
  "method": "median_fill_all_mask_pixels",
  "use_median_fill": true,
  "mask_pixels": 9723,
  "valid_depth_pixels": 7113,
  "zero_depth_pixels": 2567,
  "final_points": 9719,
  "median_depth_m": 0.3460000157356262,
  "mean_depth_m": 0.3467174470424652,
  "center_mean_camera_m": [
    -0.007315325043156288,
    -0.032491931835254645,
    0.3464284551948269
  ],
  "center_median_camera_m": [
    -0.007515875622630119,
    -0.03282568231225014,
    0.3460000157356262
  ],
  "frame": "RealSense D455 aligned color camera frame",
  "note": "Point cloud masih camera frame, belum base frame UR5."
}