{
  "object": "green soda can",
  "pixel_center_uv": [
    289,
    211
  ],
  "pixel_center_uv_mean": [
    289,
    211
  ],
  "median_depth_m": 0.4000000059604645,
  "mean_depth_m": 0.4014352262020111,
  "point_camera_m": [
    -0.03873631730675697,
    -0.03527854382991791,
    0.4000000059604645
  ],
  "point_camera_mean_m": [
    -0.03892970085144043,
    -0.034947797656059265,
    0.40112996101379395
  ],
  "debug": {
    "mask_pixels": 7350,
    "valid_depth_pixels": 5834,
    "valid_depth_ratio": 0.7937414965986395,
    "used_pixels_after_depth_fill": 7350,
    "min_depth_m": 0.1,
    "max_depth_m": 2.0,
    "depth_scale": 0.0010000000474974513,
    "fx": 385.8294677734375,
    "fy": 385.38531494140625,
    "ppx": 326.5517883300781,
    "ppy": 244.87197875976562,
    "method": "all_mask_pixels_with_invalid_depth_filled_by_median_depth"
  },
  "frame": "RealSense D455 aligned color camera frame",
  "note": "Belum ditransformasikan ke base frame UR5."
}