{
  "pointcloud_path": "/home/b401/Documents/pick_place_occlusion_noetic/outputs/TC_14_VLM_01/vision_output/masked_object_pointcloud_median_fill.ply",
  "clean_mask_path": null,
  "method": "median_fill_all_mask_pixels",
  "use_median_fill": true,
  "mask_pixels": 8048,
  "valid_depth_pixels": 6079,
  "zero_depth_pixels": 1950,
  "final_points": 8012,
  "median_depth_m": 0.3830000162124634,
  "mean_depth_m": 0.38423606753349304,
  "center_mean_camera_m": [
    0.011292353141852228,
    -0.03210546326111934,
    0.38342063567130136
  ],
  "center_median_camera_m": [
    0.011311075650155544,
    -0.032515641301870346,
    0.3830000162124634
  ],
  "frame": "RealSense D455 aligned color camera frame",
  "note": "Point cloud masih camera frame, belum base frame UR5."
}