{
  "success": true,
  "frame": "base",
  "target_link": "tool0",
  "source_target": "gripper_tip",
  "active_test_name": "water_007",
  "translation_tool0_pregrasp": [
    -0.5671434745918218,
    0.46054606223401884,
    0.3973490604688966
  ],
  "quaternion_tool0_xyzw": [
    -0.28340175782789895,
    0.6661598976406625,
    0.6411123643592581,
    -0.25473392137899675
  ],
  "rpy_tool0_rad": [
    1.619,
    0.024,
    -2.36
  ],
  "orientation_source": "fixed_rpy",
  "gripper_tip_grasp_base": [
    -0.6166146785572792,
    0.5362091062469974,
    0.25915996817694587
  ],
  "gripper_tip_pregrasp_base": [
    -0.6166146785572792,
    0.5362091062469974,
    0.38915996817694587
  ],
  "tool0_to_gripper_tip_offset_tool_frame": [
    0.0,
    0.0,
    0.17
  ],
  "pregrasp_z_m": 0.13,
  "score": 0.40879812836647034,
  "width": 0.0729915127158165,
  "depth": 0.009999999776482582,
  "height": 0.019999999552965164,
  "source_file": "/home/b401/Documents/pick_place_occlusion_noetic/outputs/water_007/vision_output/best_grasp_base.json",
  "note": "Kirim translation_tool0_pregrasp + quaternion_tool0_xyzw ke MoveIt sebagai target tool0. Jangan kirim gripper_tip_grasp_base langsung ke MoveIt.",
  "manual_nudge_base_m": {
    "dx": -0.07,
    "dy": 0.045,
    "dz": 0.0
  },
  "manual_nudge_history": [
    {
      "from": [
        -0.49714347459182184,
        0.41554606223401885,
        0.3973490604688966
      ],
      "to": [
        -0.5671434745918218,
        0.46054606223401884,
        0.3973490604688966
      ],
      "dx": -0.07,
      "dy": 0.045,
      "dz": 0.0,
      "frame": "base"
    }
  ],
  "note_nudge": "translation_tool0_pregrasp digeser manual dalam frame base. dx/dy/dz satuannya meter."
}