{
  "pointcloud_path": "/home/b401/Documents/pick_place_occlusion_noetic/outputs/sprite_004/vision_output/masked_object_pointcloud_median_fill.ply",
  "clean_mask_path": null,
  "method": "median_fill_all_mask_pixels",
  "use_median_fill": true,
  "mask_pixels": 3524,
  "valid_depth_pixels": 2810,
  "zero_depth_pixels": 714,
  "final_points": 3507,
  "median_depth_m": 0.39500001072883606,
  "mean_depth_m": 0.3988216817378998,
  "center_mean_camera_m": [
    -0.090227839848468,
    0.005537091022718873,
    0.39696380336263565
  ],
  "center_median_camera_m": [
    -0.09031227976083755,
    0.005403796676546335,
    0.39500001072883606
  ],
  "frame": "RealSense D455 aligned color camera frame",
  "note": "Point cloud masih camera frame, belum base frame UR5."
}