{
  "object": "green soda can",
  "pixel_center_uv": [
    342,
    213
  ],
  "pixel_center_uv_mean": [
    342,
    213
  ],
  "median_depth_m": 0.41100001335144043,
  "mean_depth_m": 0.4121430516242981,
  "point_camera_m": [
    0.01634034886956215,
    -0.03399961441755295,
    0.41100001335144043
  ],
  "point_camera_mean_m": [
    0.01655951514840126,
    -0.033868927508592606,
    0.4118841290473938
  ],
  "debug": {
    "mask_pixels": 7053,
    "valid_depth_pixels": 5496,
    "valid_depth_ratio": 0.7792428753721821,
    "used_pixels_after_depth_fill": 7053,
    "min_depth_m": 0.1,
    "max_depth_m": 2.0,
    "depth_scale": 0.0010000000474974513,
    "fx": 385.724365234375,
    "fy": 385.28033447265625,
    "ppx": 326.5517883300781,
    "ppy": 244.87197875976562,
    "method": "all_mask_pixels_with_invalid_depth_filled_by_median_depth"
  },
  "frame": "RealSense D455 aligned color camera frame",
  "note": "Belum ditransformasikan ke base frame UR5."
}