{
  "success": true,
  "method": "graspnet_baseline_d455",
  "best_grasp": {
    "score": 0.3367154598236084,
    "translation_camera": [
      -0.11302191764116287,
      0.03510664030909538,
      0.42100003361701965
    ],
    "rotation_matrix_camera": [
      [
        0.4980229139328003,
        -0.6140506863594055,
        -0.6123030185699463
      ],
      [
        -0.3856969475746155,
        0.47555533051490784,
        -0.790623128414154
      ],
      [
        0.7766667008399963,
        0.6299118399620056,
        -2.7534321489497415e-08
      ]
    ],
    "width": 0.06999026238918304,
    "height": 0.019999999552965164,
    "depth": 0.019999999552965164,
    "object_id": -1,
    "frame": "RealSense D455 aligned color camera frame",
    "rank": 0,
    "distance_to_object_center": 0.030472130291348796
  },
  "object_center_camera": [
    -0.10267961114037027,
    0.006600723469759199,
    0.4180000126361847
  ],
  "frame": "RealSense D455 aligned color camera frame",
  "note": "Masih camera frame. Perlu transform camera-to-base sebelum eksekusi UR5.",
  "meta": {
    "object_center_camera": [
      -0.10267961114037027,
      0.006600723469759199,
      0.4180000126361847
    ],
    "num_mask_points": 4350,
    "num_workspace_points": 3088,
    "num_cloud_masked": 3088,
    "rgb_path": "/home/b401/Documents/pick_place_occlusion_noetic/data/d455_capture/current_scene_rgb.jpg",
    "depth_path": "/home/b401/Documents/pick_place_occlusion_noetic/data/d455_capture/depth_raw.npy",
    "intrinsics_path": "/home/b401/Documents/pick_place_occlusion_noetic/data/d455_capture/camera_intrinsics.json",
    "mask_path": "/home/b401/Documents/pick_place_occlusion_noetic/outputs/sprite_003/vision_output/fastsam_mask.png",
    "intrinsics": {
      "width": 640,
      "height": 480,
      "fx": 385.724365234375,
      "fy": 385.28033447265625,
      "ppx": 326.5517883300781,
      "ppy": 244.87197875976562,
      "depth_scale": 0.0010000000474974513
    },
    "depth_scale": 0.0010000000474974513,
    "factor_depth": 999.999952502551,
    "frame": "RealSense D455 aligned color camera frame"
  }
}