{
  "object": "yellow lemon",
  "pixel_center_uv": [
    234,
    250
  ],
  "pixel_center_uv_mean": [
    233,
    250
  ],
  "median_depth_m": 0.4150000214576721,
  "mean_depth_m": 0.4184195399284363,
  "point_camera_m": [
    -0.09964045882225037,
    0.005823057144880295,
    0.4150000214576721
  ],
  "point_camera_mean_m": [
    -0.09996874630451202,
    0.0060148886404931545,
    0.4176989197731018
  ],
  "debug": {
    "mask_pixels": 3278,
    "valid_depth_pixels": 2586,
    "valid_depth_ratio": 0.788895668090299,
    "used_pixels_after_depth_fill": 3278,
    "min_depth_m": 0.1,
    "max_depth_m": 2.0,
    "depth_scale": 0.0010000000474974513,
    "fx": 385.724365234375,
    "fy": 385.28033447265625,
    "ppx": 326.5517883300781,
    "ppy": 244.87197875976562,
    "method": "all_mask_pixels_with_invalid_depth_filled_by_median_depth"
  },
  "frame": "RealSense D455 aligned color camera frame",
  "note": "Belum ditransformasikan ke base frame UR5."
}