{
  "pointcloud_path": "/home/b401/Documents/pick_place_occlusion_noetic/outputs/single_4steps_water_006/vision_output/masked_object_pointcloud_median_fill.ply",
  "clean_mask_path": null,
  "method": "median_fill_all_mask_pixels",
  "use_median_fill": true,
  "mask_pixels": 4977,
  "valid_depth_pixels": 3820,
  "zero_depth_pixels": 1157,
  "final_points": 4933,
  "median_depth_m": 0.3360000252723694,
  "mean_depth_m": 0.3368151783943176,
  "center_mean_camera_m": [
    -0.012792357777053669,
    0.011428801559532215,
    0.336564786392367
  ],
  "center_median_camera_m": [
    -0.012710156850516796,
    0.011411663144826889,
    0.3360000252723694
  ],
  "frame": "RealSense D455 aligned color camera frame",
  "note": "Point cloud masih camera frame, belum base frame UR5."
}