{
  "object": "green soda can",
  "pixel_center_uv": [
    261,
    211
  ],
  "pixel_center_uv_mean": [
    261,
    210
  ],
  "median_depth_m": 0.4150000214576721,
  "mean_depth_m": 0.416406512260437,
  "point_camera_m": [
    -0.06941330432891846,
    -0.037089161574840546,
    0.4150000214576721
  ],
  "point_camera_mean_m": [
    -0.0700603798031807,
    -0.03676001727581024,
    0.41614145040512085
  ],
  "debug": {
    "mask_pixels": 6706,
    "valid_depth_pixels": 5410,
    "valid_depth_ratio": 0.8067402326274977,
    "used_pixels_after_depth_fill": 6706,
    "min_depth_m": 0.1,
    "max_depth_m": 2.0,
    "depth_scale": 0.0010000000474974513,
    "fx": 385.9345703125,
    "fy": 385.49029541015625,
    "ppx": 326.5517883300781,
    "ppy": 244.87197875976562,
    "method": "all_mask_pixels_with_invalid_depth_filled_by_median_depth"
  },
  "frame": "RealSense D455 aligned color camera frame",
  "note": "Belum ditransformasikan ke base frame UR5."
}