{
  "pointcloud_path": "/home/b401/Documents/pick_place_occlusion_noetic/outputs/TC_12_OA_VLM/vision_output/masked_object_pointcloud_median_fill.ply",
  "clean_mask_path": null,
  "method": "median_fill_all_mask_pixels",
  "use_median_fill": true,
  "mask_pixels": 8467,
  "valid_depth_pixels": 6135,
  "zero_depth_pixels": 2200,
  "final_points": 8170,
  "median_depth_m": 0.37700000405311584,
  "mean_depth_m": 0.3778420686721802,
  "center_mean_camera_m": [
    -0.04585839608294326,
    -0.033754950000478734,
    0.3772122528992201
  ],
  "center_median_camera_m": [
    -0.045604005455970764,
    -0.03375128284096718,
    0.37700000405311584
  ],
  "frame": "RealSense D455 aligned color camera frame",
  "note": "Point cloud masih camera frame, belum base frame UR5."
}