{
  "object": "green soda can",
  "pixel_center_uv": [
    340,
    211
  ],
  "pixel_center_uv_mean": [
    339,
    210
  ],
  "median_depth_m": 0.3750000298023224,
  "mean_depth_m": 0.3762843906879425,
  "point_camera_m": [
    0.01286512054502964,
    -0.03323192894458771,
    0.3750000298023224
  ],
  "point_camera_mean_m": [
    0.012683892622590065,
    -0.03305792436003685,
    0.3759918510913849
  ],
  "debug": {
    "mask_pixels": 8261,
    "valid_depth_pixels": 6397,
    "valid_depth_ratio": 0.7743614574506719,
    "used_pixels_after_depth_fill": 8261,
    "min_depth_m": 0.1,
    "max_depth_m": 2.0,
    "depth_scale": 0.0010000000474974513,
    "fx": 385.724365234375,
    "fy": 385.28033447265625,
    "ppx": 326.5517883300781,
    "ppy": 244.87197875976562,
    "method": "all_mask_pixels_with_invalid_depth_filled_by_median_depth"
  },
  "frame": "RealSense D455 aligned color camera frame",
  "note": "Belum ditransformasikan ke base frame UR5."
}