{
  "pointcloud_path": "/home/b401/Documents/pick_place_occlusion_noetic/outputs/sprite_3steps_008/vision_output/masked_object_pointcloud_median_fill.ply",
  "clean_mask_path": null,
  "method": "median_fill_all_mask_pixels",
  "use_median_fill": true,
  "mask_pixels": 6974,
  "valid_depth_pixels": 5497,
  "zero_depth_pixels": 1477,
  "final_points": 6734,
  "median_depth_m": 0.3700000047683716,
  "mean_depth_m": 0.3706059753894806,
  "center_mean_camera_m": [
    -0.04514947395056999,
    -0.027938156697853656,
    0.37039547038956355
  ],
  "center_median_camera_m": [
    -0.04524346813559532,
    -0.025596989318728447,
    0.3700000047683716
  ],
  "frame": "RealSense D455 aligned color camera frame",
  "note": "Point cloud masih camera frame, belum base frame UR5."
}