{
  "object": "green soda can",
  "pixel_center_uv": [
    314,
    212
  ],
  "pixel_center_uv_mean": [
    314,
    212
  ],
  "median_depth_m": 0.4020000100135803,
  "mean_depth_m": 0.40338948369026184,
  "point_camera_m": [
    -0.01291870791465044,
    -0.034818634390830994,
    0.4020000100135803
  ],
  "point_camera_mean_m": [
    -0.012889150530099869,
    -0.03414573147892952,
    0.4031473398208618
  ],
  "debug": {
    "mask_pixels": 7138,
    "valid_depth_pixels": 5918,
    "valid_depth_ratio": 0.8290837769683385,
    "used_pixels_after_depth_fill": 7138,
    "min_depth_m": 0.1,
    "max_depth_m": 2.0,
    "depth_scale": 0.0010000000474974513,
    "fx": 385.724365234375,
    "fy": 385.28033447265625,
    "ppx": 326.5517883300781,
    "ppy": 244.87197875976562,
    "method": "all_mask_pixels_with_invalid_depth_filled_by_median_depth"
  },
  "frame": "RealSense D455 aligned color camera frame",
  "note": "Belum ditransformasikan ke base frame UR5."
}