{
  "object": "red soda can",
  "pixel_center_uv": [
    349,
    209
  ],
  "pixel_center_uv_mean": [
    349,
    209
  ],
  "median_depth_m": 0.37300002574920654,
  "mean_depth_m": 0.3743360936641693,
  "point_camera_m": [
    0.022179309278726578,
    -0.03470655530691147,
    0.37300002574920654
  ],
  "point_camera_mean_m": [
    0.02218995988368988,
    -0.0346728190779686,
    0.37401676177978516
  ],
  "debug": {
    "mask_pixels": 8464,
    "valid_depth_pixels": 6353,
    "valid_depth_ratio": 0.7505907372400756,
    "used_pixels_after_depth_fill": 8464,
    "min_depth_m": 0.1,
    "max_depth_m": 2.0,
    "depth_scale": 0.0010000000474974513,
    "fx": 385.6192626953125,
    "fy": 385.17535400390625,
    "ppx": 326.5517883300781,
    "ppy": 244.87197875976562,
    "method": "all_mask_pixels_with_invalid_depth_filled_by_median_depth"
  },
  "frame": "RealSense D455 aligned color camera frame",
  "note": "Belum ditransformasikan ke base frame UR5."
}