{
  "pointcloud_path": "/home/b401/Documents/pick_place_occlusion_noetic/outputs/sprite_2steps_001/vision_output/masked_object_pointcloud_median_fill.ply",
  "clean_mask_path": null,
  "method": "median_fill_all_mask_pixels",
  "use_median_fill": true,
  "mask_pixels": 8966,
  "valid_depth_pixels": 7065,
  "zero_depth_pixels": 1901,
  "final_points": 8535,
  "median_depth_m": 0.3630000054836273,
  "mean_depth_m": 0.36313092708587646,
  "center_mean_camera_m": [
    -0.028075177686514827,
    -0.03243786571699216,
    0.3629513913277792
  ],
  "center_median_camera_m": [
    -0.028118226677179337,
    -0.03249333053827286,
    0.3630000054836273
  ],
  "frame": "RealSense D455 aligned color camera frame",
  "note": "Point cloud masih camera frame, belum base frame UR5."
}