{
  "pointcloud_path": "/home/b401/Documents/pick_place_occlusion_noetic/outputs/TC_05_OA_YOLO/vision_output/masked_object_pointcloud_median_fill.ply",
  "clean_mask_path": null,
  "method": "median_fill_all_mask_pixels",
  "use_median_fill": true,
  "mask_pixels": 8304,
  "valid_depth_pixels": 6111,
  "zero_depth_pixels": 2193,
  "final_points": 7876,
  "median_depth_m": 0.37700000405311584,
  "mean_depth_m": 0.3777637183666229,
  "center_mean_camera_m": [
    0.009157703685763845,
    -0.030648724196958355,
    0.3772117961756223
  ],
  "center_median_camera_m": [
    0.009183019399642944,
    -0.032114094123244286,
    0.37700000405311584
  ],
  "frame": "RealSense D455 aligned color camera frame",
  "note": "Point cloud masih camera frame, belum base frame UR5."
}