{
  "success": true,
  "method": "graspnet_baseline_d455",
  "best_grasp": {
    "score": 0.5647420287132263,
    "translation_camera": [
      -0.09360218048095703,
      -0.04301111772656441,
      0.3020000159740448
    ],
    "rotation_matrix_camera": [
      [
        0.14391817152500153,
        0.8874484300613403,
        -0.4378616511821747
      ],
      [
        -0.2771056890487671,
        0.4609070122241974,
        0.8430759906768799
      ],
      [
        0.949999988079071,
        0.0,
        0.31224989891052246
      ]
    ],
    "width": 0.0755687728524208,
    "height": 0.019999999552965164,
    "depth": 0.03999999910593033,
    "object_id": -1,
    "frame": "RealSense D455 aligned color camera frame",
    "rank": 0,
    "distance_to_object_center": 0.057581069278289404
  },
  "object_center_camera": [
    -0.0521886488597017,
    -0.0030048814891170126,
    0.3020000159740448
  ],
  "frame": "RealSense D455 aligned color camera frame",
  "note": "Masih camera frame. Perlu transform camera-to-base sebelum eksekusi UR5.",
  "meta": {
    "object_center_camera": [
      -0.0521886488597017,
      -0.0030048814891170126,
      0.3020000159740448
    ],
    "num_mask_points": 15604,
    "num_workspace_points": 1820,
    "num_cloud_masked": 1820,
    "rgb_path": "/home/b401/Documents/pick_place_occlusion_noetic/data/d455_capture/current_scene_rgb.jpg",
    "depth_path": "/home/b401/Documents/pick_place_occlusion_noetic/data/d455_capture/depth_raw.npy",
    "intrinsics_path": "/home/b401/Documents/pick_place_occlusion_noetic/data/d455_capture/camera_intrinsics.json",
    "mask_path": "/home/b401/Documents/pick_place_occlusion_noetic/outputs/sprite_3steps_005/vision_output/fastsam_mask.png",
    "intrinsics": {
      "width": 640,
      "height": 480,
      "fx": 385.724365234375,
      "fy": 385.28033447265625,
      "ppx": 326.5517883300781,
      "ppy": 244.87197875976562,
      "depth_scale": 0.0010000000474974513
    },
    "depth_scale": 0.0010000000474974513,
    "factor_depth": 999.999952502551,
    "frame": "RealSense D455 aligned color camera frame"
  }
}