{
  "success": true,
  "frame": "base",
  "target_link": "tool0",
  "source_target": "gripper_tip",
  "active_test_name": "TC_07_GMN_YOLO",
  "translation_tool0_pregrasp": [
    -0.5475500632493109,
    0.4477945613921761,
    0.3160247897644609
  ],
  "quaternion_tool0_xyzw": [
    -0.28340175782789895,
    0.6661598976406625,
    0.6411123643592581,
    -0.25473392137899675
  ],
  "rpy_tool0_rad": [
    1.619,
    0.024,
    -2.36
  ],
  "orientation_source": "fixed_rpy",
  "gripper_tip_grasp_base": [
    -0.6270212672147683,
    0.5284576054051546,
    0.17783569747251018
  ],
  "gripper_tip_pregrasp_base": [
    -0.6270212672147683,
    0.5284576054051546,
    0.30783569747251016
  ],
  "tool0_to_gripper_tip_offset_tool_frame": [
    0.0,
    0.0,
    0.17
  ],
  "pregrasp_z_m": 0.13,
  "score": 0.41815024614334106,
  "width": 0.06655711680650711,
  "depth": 0.019999999552965164,
  "height": 0.019999999552965164,
  "source_file": "/home/b401/Documents/pick_place_occlusion_noetic/outputs/TC_07_GMN_YOLO/vision_output/best_grasp_base.json",
  "note": "Kirim translation_tool0_pregrasp + quaternion_tool0_xyzw ke MoveIt sebagai target tool0. Jangan kirim gripper_tip_grasp_base langsung ke MoveIt.",
  "manual_nudge_base_m": {
    "dx": -0.04,
    "dy": 0.04,
    "dz": 0.0
  },
  "manual_nudge_history": [
    {
      "from": [
        -0.5075500632493108,
        0.4077945613921761,
        0.3160247897644609
      ],
      "to": [
        -0.5475500632493109,
        0.4477945613921761,
        0.3160247897644609
      ],
      "dx": -0.04,
      "dy": 0.04,
      "dz": 0.0,
      "frame": "base"
    }
  ],
  "note_nudge": "translation_tool0_pregrasp digeser manual dalam frame base. dx/dy/dz satuannya meter."
}