{
  "object": "red soda can",
  "pixel_center_uv": [
    338,
    212
  ],
  "pixel_center_uv_mean": [
    337,
    212
  ],
  "median_depth_m": 0.3830000162124634,
  "mean_depth_m": 0.38423606753349304,
  "point_camera_m": [
    0.011311075650155544,
    -0.03260098770260811,
    0.3830000162124634
  ],
  "point_camera_mean_m": [
    0.011316290125250816,
    -0.03239087387919426,
    0.3839472532272339
  ],
  "debug": {
    "mask_pixels": 8048,
    "valid_depth_pixels": 6079,
    "valid_depth_ratio": 0.7553429423459245,
    "used_pixels_after_depth_fill": 8048,
    "min_depth_m": 0.1,
    "max_depth_m": 2.0,
    "depth_scale": 0.0010000000474974513,
    "fx": 385.6192626953125,
    "fy": 385.17535400390625,
    "ppx": 326.5517883300781,
    "ppy": 244.87197875976562,
    "method": "all_mask_pixels_with_invalid_depth_filled_by_median_depth"
  },
  "frame": "RealSense D455 aligned color camera frame",
  "note": "Belum ditransformasikan ke base frame UR5."
}