{
  "success": true,
  "method": "graspnet_baseline_d455",
  "best_grasp": {
    "score": 0.6153332591056824,
    "translation_camera": [
      -0.049421872943639755,
      -0.07230404764413834,
      0.37700003385543823
    ],
    "rotation_matrix_camera": [
      [
        0.05689249932765961,
        -0.11523131281137466,
        -0.9917080998420715
      ],
      [
        -0.43903547525405884,
        0.8892316222190857,
        -0.1285107433795929
      ],
      [
        0.8966667056083679,
        0.44270631670951843,
        -1.9351308111481558e-08
      ]
    ],
    "width": 0.07593441009521484,
    "height": 0.019999999552965164,
    "depth": 0.029999999329447746,
    "object_id": -1,
    "frame": "RealSense D455 aligned color camera frame",
    "rank": 0,
    "distance_to_object_center": 0.042529429198184227
  },
  "object_center_camera": [
    -0.031233301789136025,
    -0.03386021553441077,
    0.37700003385543823
  ],
  "frame": "RealSense D455 aligned color camera frame",
  "note": "Masih camera frame. Perlu transform camera-to-base sebelum eksekusi UR5.",
  "meta": {
    "object_center_camera": [
      -0.031233301789136025,
      -0.03386021553441077,
      0.37700003385543823
    ],
    "num_mask_points": 10161,
    "num_workspace_points": 6829,
    "num_cloud_masked": 6829,
    "rgb_path": "/home/b401/Documents/pick_place_occlusion_noetic/data/d455_capture/current_scene_rgb.jpg",
    "depth_path": "/home/b401/Documents/pick_place_occlusion_noetic/data/d455_capture/depth_raw.npy",
    "intrinsics_path": "/home/b401/Documents/pick_place_occlusion_noetic/data/d455_capture/camera_intrinsics.json",
    "mask_path": "/home/b401/Documents/pick_place_occlusion_noetic/outputs/CL_OAI_IM_TYP_002/vision_output/fastsam_mask.png",
    "intrinsics": {
      "width": 640,
      "height": 480,
      "fx": 385.6192626953125,
      "fy": 385.17535400390625,
      "ppx": 326.5517883300781,
      "ppy": 244.87197875976562,
      "depth_scale": 0.0010000000474974513
    },
    "depth_scale": 0.0010000000474974513,
    "factor_depth": 999.999952502551,
    "frame": "RealSense D455 aligned color camera frame"
  }
}