{
  "pointcloud_path": "/home/b401/Documents/pick_place_occlusion_noetic/outputs/sprite_002/vision_output/masked_object_pointcloud_median_fill.ply",
  "clean_mask_path": null,
  "method": "median_fill_all_mask_pixels",
  "use_median_fill": true,
  "mask_pixels": 3603,
  "valid_depth_pixels": 2861,
  "zero_depth_pixels": 742,
  "final_points": 3592,
  "median_depth_m": 0.3930000066757202,
  "mean_depth_m": 0.3967280983924866,
  "center_mean_camera_m": [
    -0.08937993099527197,
    0.005848268992408045,
    0.3944501826552081
  ],
  "center_median_camera_m": [
    -0.0893062949180603,
    0.006091752089560032,
    0.3930000066757202
  ],
  "frame": "RealSense D455 aligned color camera frame",
  "note": "Point cloud masih camera frame, belum base frame UR5."
}