{
  "pointcloud_path": "/home/b401/Documents/pick_place_occlusion_noetic/outputs/TC_03_OI_YOLO/vision_output/masked_object_pointcloud_median_fill.ply",
  "clean_mask_path": null,
  "method": "median_fill_all_mask_pixels",
  "use_median_fill": true,
  "mask_pixels": 7473,
  "valid_depth_pixels": 5610,
  "zero_depth_pixels": 1863,
  "final_points": 7100,
  "median_depth_m": 0.3970000147819519,
  "mean_depth_m": 0.398044228553772,
  "center_mean_camera_m": [
    0.014857065106174764,
    -0.03027355488755373,
    0.3976094547963478
  ],
  "center_median_camera_m": [
    0.014762219041585922,
    -0.030732786282896996,
    0.3970000147819519
  ],
  "frame": "RealSense D455 aligned color camera frame",
  "note": "Point cloud masih camera frame, belum base frame UR5."
}