{
  "object": "green soda can",
  "pixel_center_uv": [
    250,
    211
  ],
  "pixel_center_uv_mean": [
    249,
    210
  ],
  "median_depth_m": 0.41200003027915955,
  "mean_depth_m": 0.41371089220046997,
  "point_camera_m": [
    -0.08112692087888718,
    -0.036908239126205444,
    0.41200003027915955
  ],
  "point_camera_mean_m": [
    -0.0819539800286293,
    -0.03662198409438133,
    0.4134250581264496
  ],
  "debug": {
    "mask_pixels": 6919,
    "valid_depth_pixels": 5759,
    "valid_depth_ratio": 0.8323457146986559,
    "used_pixels_after_depth_fill": 6919,
    "min_depth_m": 0.1,
    "max_depth_m": 2.0,
    "depth_scale": 0.0010000000474974513,
    "fx": 385.9345703125,
    "fy": 385.49029541015625,
    "ppx": 326.5517883300781,
    "ppy": 244.87197875976562,
    "method": "all_mask_pixels_with_invalid_depth_filled_by_median_depth"
  },
  "frame": "RealSense D455 aligned color camera frame",
  "note": "Belum ditransformasikan ke base frame UR5."
}