{
  "success": true,
  "method": "graspnet_baseline_d455",
  "best_grasp": {
    "score": 0.36662670969963074,
    "translation_camera": [
      0.023404467850923538,
      -0.13601969182491302,
      0.6250000596046448
    ],
    "rotation_matrix_camera": [
      [
        0.05689249932765961,
        0.9917080998420715,
        -0.11523126810789108
      ],
      [
        -0.43903547525405884,
        0.12851069867610931,
        0.8892316222190857
      ],
      [
        0.8966667056083679,
        0.0,
        0.44270631670951843
      ]
    ],
    "width": 0.08020302653312683,
    "height": 0.019999999552965164,
    "depth": 0.019999999552965164,
    "object_id": -1,
    "frame": "RealSense D455 aligned color camera frame",
    "rank": 0,
    "distance_to_object_center": 0.05471335971333892
  },
  "object_center_camera": [
    0.018693165199251224,
    -0.08165651224906735,
    0.6290000677108765
  ],
  "frame": "RealSense D455 aligned color camera frame",
  "note": "Masih camera frame. Perlu transform camera-to-base sebelum eksekusi UR5.",
  "meta": {
    "object_center_camera": [
      0.018693165199251224,
      -0.08165651224906735,
      0.6290000677108765
    ],
    "num_mask_points": 8857,
    "num_workspace_points": 3027,
    "num_cloud_masked": 3027,
    "rgb_path": "/home/b401/Documents/pick_place_occlusion_noetic/data/d455_capture/current_scene_rgb.jpg",
    "depth_path": "/home/b401/Documents/pick_place_occlusion_noetic/data/d455_capture/depth_raw.npy",
    "intrinsics_path": "/home/b401/Documents/pick_place_occlusion_noetic/data/d455_capture/camera_intrinsics.json",
    "mask_path": "/home/b401/Documents/pick_place_occlusion_noetic/outputs/TC_10_GMN_VLM/vision_output/fastsam_mask.png",
    "intrinsics": {
      "width": 640,
      "height": 480,
      "fx": 385.8294677734375,
      "fy": 385.38531494140625,
      "ppx": 326.5517883300781,
      "ppy": 244.87197875976562,
      "depth_scale": 0.0010000000474974513
    },
    "depth_scale": 0.0010000000474974513,
    "factor_depth": 999.999952502551,
    "frame": "RealSense D455 aligned color camera frame"
  }
}