{
  "object": "red soda can",
  "pixel_center_uv": [
    231,
    213
  ],
  "pixel_center_uv_mean": [
    231,
    212
  ],
  "median_depth_m": 0.3850000202655792,
  "mean_depth_m": 0.3863050043582916,
  "point_camera_m": [
    -0.09459251165390015,
    -0.031840115785598755,
    0.3850000202655792
  ],
  "point_camera_mean_m": [
    -0.095060795545578,
    -0.032027024775743484,
    0.38599616289138794
  ],
  "debug": {
    "mask_pixels": 8157,
    "valid_depth_pixels": 6190,
    "valid_depth_ratio": 0.7588574230722079,
    "used_pixels_after_depth_fill": 8157,
    "min_depth_m": 0.1,
    "max_depth_m": 2.0,
    "depth_scale": 0.0010000000474974513,
    "fx": 385.8294677734375,
    "fy": 385.38531494140625,
    "ppx": 326.5517883300781,
    "ppy": 244.87197875976562,
    "method": "all_mask_pixels_with_invalid_depth_filled_by_median_depth"
  },
  "frame": "RealSense D455 aligned color camera frame",
  "note": "Belum ditransformasikan ke base frame UR5."
}