{
  "pointcloud_path": "/home/b401/Documents/pick_place_occlusion_noetic/outputs/sprite_straight_002/vision_output/masked_object_pointcloud_median_fill.ply",
  "clean_mask_path": null,
  "method": "median_fill_all_mask_pixels",
  "use_median_fill": true,
  "mask_pixels": 9470,
  "valid_depth_pixels": 7027,
  "zero_depth_pixels": 2435,
  "final_points": 9442,
  "median_depth_m": 0.35200002789497375,
  "mean_depth_m": 0.3537815809249878,
  "center_mean_camera_m": [
    -0.015436744030572273,
    -0.03205103509012822,
    0.35287123254120184
  ],
  "center_median_camera_m": [
    -0.015100531280040741,
    -0.0322094913572073,
    0.35200002789497375
  ],
  "frame": "RealSense D455 aligned color camera frame",
  "note": "Point cloud masih camera frame, belum base frame UR5."
}