{
  "pointcloud_path": "/home/b401/Documents/pick_place_occlusion_noetic/outputs/TC_05_GMN_VLM/vision_output/masked_object_pointcloud_median_fill.ply",
  "clean_mask_path": null,
  "method": "median_fill_all_mask_pixels",
  "use_median_fill": true,
  "mask_pixels": 8348,
  "valid_depth_pixels": 6490,
  "zero_depth_pixels": 1858,
  "final_points": 7955,
  "median_depth_m": 0.37300002574920654,
  "mean_depth_m": 0.3738696575164795,
  "center_mean_camera_m": [
    0.004109561089710915,
    -0.03239911241800551,
    0.3734662654076186
  ],
  "center_median_camera_m": [
    0.004219598602503538,
    -0.032695528119802475,
    0.37300002574920654
  ],
  "frame": "RealSense D455 aligned color camera frame",
  "note": "Point cloud masih camera frame, belum base frame UR5."
}