{
  "pointcloud_path": "/home/b401/Documents/pick_place_occlusion_noetic/outputs/sprite_006/vision_output/masked_object_pointcloud_median_fill.ply",
  "clean_mask_path": null,
  "method": "median_fill_all_mask_pixels",
  "use_median_fill": true,
  "mask_pixels": 7230,
  "valid_depth_pixels": 5876,
  "zero_depth_pixels": 1354,
  "final_points": 6855,
  "median_depth_m": 0.3970000147819519,
  "mean_depth_m": 0.39846310019493103,
  "center_mean_camera_m": [
    -0.008882879499282502,
    -0.03559402309918629,
    0.3979674869519268
  ],
  "center_median_camera_m": [
    -0.008779607713222504,
    -0.035957299172878265,
    0.3970000147819519
  ],
  "frame": "RealSense D455 aligned color camera frame",
  "note": "Point cloud masih camera frame, belum base frame UR5."
}