{
  "object": "red soda can",
  "pixel_center_uv": [
    419,
    213
  ],
  "pixel_center_uv_mean": [
    419,
    213
  ],
  "median_depth_m": 0.3840000033378601,
  "mean_depth_m": 0.38498932123184204,
  "point_camera_m": [
    0.09129103273153305,
    -0.03150931000709534,
    0.3840000033378601
  ],
  "point_camera_mean_m": [
    0.09216080605983734,
    -0.03113098442554474,
    0.38480111956596375
  ],
  "debug": {
    "mask_pixels": 8261,
    "valid_depth_pixels": 6625,
    "valid_depth_ratio": 0.8019610216680789,
    "used_pixels_after_depth_fill": 8261,
    "min_depth_m": 0.1,
    "max_depth_m": 2.0,
    "depth_scale": 0.0010000000474974513,
    "fx": 385.8294677734375,
    "fy": 385.38531494140625,
    "ppx": 326.5517883300781,
    "ppy": 244.87197875976562,
    "method": "all_mask_pixels_with_invalid_depth_filled_by_median_depth"
  },
  "frame": "RealSense D455 aligned color camera frame",
  "note": "Belum ditransformasikan ke base frame UR5."
}