{
  "success": true,
  "method": "graspnet_baseline_d455",
  "best_grasp": {
    "score": 0.43101966381073,
    "translation_camera": [
      0.10330840200185776,
      -0.07736052572727203,
      0.37800002098083496
    ],
    "rotation_matrix_camera": [
      [
        0.5313771963119507,
        0.3039349913597107,
        -0.7907350063323975
      ],
      [
        -0.16952382028102875,
        0.9526927471160889,
        0.2522660493850708
      ],
      [
        0.8300000429153442,
        0.0,
        0.557763397693634
      ]
    ],
    "width": 0.08479097485542297,
    "height": 0.019999999552965164,
    "depth": 0.029999999329447746,
    "object_id": -1,
    "frame": "RealSense D455 aligned color camera frame",
    "rank": 0,
    "distance_to_object_center": 0.052759762689331496
  },
  "object_center_camera": [
    0.08931606480163186,
    -0.0268451131010504,
    0.3840000331401825
  ],
  "frame": "RealSense D455 aligned color camera frame",
  "note": "Masih camera frame. Perlu transform camera-to-base sebelum eksekusi UR5.",
  "meta": {
    "object_center_camera": [
      0.08931606480163186,
      -0.0268451131010504,
      0.3840000331401825
    ],
    "num_mask_points": 10005,
    "num_workspace_points": 7198,
    "num_cloud_masked": 7198,
    "rgb_path": "/home/b401/Documents/pick_place_occlusion_noetic/data/d455_capture/current_scene_rgb.jpg",
    "depth_path": "/home/b401/Documents/pick_place_occlusion_noetic/data/d455_capture/depth_raw.npy",
    "intrinsics_path": "/home/b401/Documents/pick_place_occlusion_noetic/data/d455_capture/camera_intrinsics.json",
    "mask_path": "/home/b401/Documents/pick_place_occlusion_noetic/outputs/TC_09_GMN_VLM/vision_output/fastsam_mask.png",
    "intrinsics": {
      "width": 640,
      "height": 480,
      "fx": 385.8294677734375,
      "fy": 385.38531494140625,
      "ppx": 326.5517883300781,
      "ppy": 244.87197875976562,
      "depth_scale": 0.0010000000474974513
    },
    "depth_scale": 0.0010000000474974513,
    "factor_depth": 999.999952502551,
    "frame": "RealSense D455 aligned color camera frame"
  }
}