{
  "success": true,
  "method": "graspnet_baseline_d455",
  "best_grasp": {
    "score": 0.4099920690059662,
    "translation_camera": [
      -0.039142731577157974,
      -0.10496874153614044,
      0.45000001788139343
    ],
    "rotation_matrix_camera": [
      [
        -0.1557886302471161,
        0.39417675137519836,
        -0.9057342410087585
      ],
      [
        -0.33291125297546387,
        0.8423328399658203,
        0.42384597659111023
      ],
      [
        0.9300000071525574,
        0.3675594925880432,
        -1.6066536545622512e-08
      ]
    ],
    "width": 0.07975921779870987,
    "height": 0.019999999552965164,
    "depth": 0.019999999552965164,
    "object_id": -1,
    "frame": "RealSense D455 aligned color camera frame",
    "rank": 0,
    "distance_to_object_center": 0.02483408836296141
  },
  "object_center_camera": [
    -0.053477252573337575,
    -0.12200556313020358,
    0.4610000252723694
  ],
  "frame": "RealSense D455 aligned color camera frame",
  "note": "Masih camera frame. Perlu transform camera-to-base sebelum eksekusi UR5.",
  "meta": {
    "object_center_camera": [
      -0.053477252573337575,
      -0.12200556313020358,
      0.4610000252723694
    ],
    "num_mask_points": 11534,
    "num_workspace_points": 3563,
    "num_cloud_masked": 3563,
    "rgb_path": "/home/b401/Documents/pick_place_occlusion_noetic/data/d455_capture/current_scene_rgb.jpg",
    "depth_path": "/home/b401/Documents/pick_place_occlusion_noetic/data/d455_capture/depth_raw.npy",
    "intrinsics_path": "/home/b401/Documents/pick_place_occlusion_noetic/data/d455_capture/camera_intrinsics.json",
    "mask_path": "/home/b401/Documents/pick_place_occlusion_noetic/outputs/TC_12_GMN_VLM/vision_output/fastsam_mask.png",
    "intrinsics": {
      "width": 640,
      "height": 480,
      "fx": 385.724365234375,
      "fy": 385.28033447265625,
      "ppx": 326.5517883300781,
      "ppy": 244.87197875976562,
      "depth_scale": 0.0010000000474974513
    },
    "depth_scale": 0.0010000000474974513,
    "factor_depth": 999.999952502551,
    "frame": "RealSense D455 aligned color camera frame"
  }
}