{
  "object": "blue water bottle",
  "pixel_center_uv": [
    284,
    184
  ],
  "pixel_center_uv_mean": [
    284,
    184
  ],
  "median_depth_m": 0.4610000252723694,
  "mean_depth_m": 0.45946335792541504,
  "point_camera_m": [
    -0.05024454742670059,
    -0.07283523678779602,
    0.4610000252723694
  ],
  "point_camera_mean_m": [
    -0.05046743154525757,
    -0.07214169949293137,
    0.46041521430015564
  ],
  "debug": {
    "mask_pixels": 9362,
    "valid_depth_pixels": 3410,
    "valid_depth_ratio": 0.36423841059602646,
    "used_pixels_after_depth_fill": 9362,
    "min_depth_m": 0.1,
    "max_depth_m": 2.0,
    "depth_scale": 0.0010000000474974513,
    "fx": 385.724365234375,
    "fy": 385.28033447265625,
    "ppx": 326.5517883300781,
    "ppy": 244.87197875976562,
    "method": "all_mask_pixels_with_invalid_depth_filled_by_median_depth"
  },
  "frame": "RealSense D455 aligned color camera frame",
  "note": "Belum ditransformasikan ke base frame UR5."
}