{
  "pointcloud_path": "/home/b401/Documents/pick_place_occlusion_noetic/outputs/sprite_sosil_01/vision_output/masked_object_pointcloud_median_fill.ply",
  "clean_mask_path": null,
  "method": "median_fill_all_mask_pixels",
  "use_median_fill": true,
  "mask_pixels": 10189,
  "valid_depth_pixels": 6909,
  "zero_depth_pixels": 3280,
  "final_points": 10181,
  "median_depth_m": 0.3530000150203705,
  "mean_depth_m": 0.35417598485946655,
  "center_mean_camera_m": [
    -0.009150187726781117,
    -0.031873190168469664,
    0.3536104665601339
  ],
  "center_median_camera_m": [
    -0.008741427212953568,
    -0.032587163150310516,
    0.3530000150203705
  ],
  "frame": "RealSense D455 aligned color camera frame",
  "note": "Point cloud masih camera frame, belum base frame UR5."
}