{
  "object": "clear water bottle",
  "pixel_center_uv": [
    372,
    184
  ],
  "pixel_center_uv_mean": [
    371,
    183
  ],
  "median_depth_m": 0.6050000190734863,
  "mean_depth_m": 0.6048046946525574,
  "point_camera_m": [
    0.07081319391727448,
    -0.09542837738990784,
    0.6050000190734863
  ],
  "point_camera_mean_m": [
    0.07066420465707779,
    -0.09536585956811905,
    0.604813277721405
  ],
  "debug": {
    "mask_pixels": 8724,
    "valid_depth_pixels": 7179,
    "valid_depth_ratio": 0.8229023383768913,
    "used_pixels_after_depth_fill": 8724,
    "min_depth_m": 0.1,
    "max_depth_m": 2.0,
    "depth_scale": 0.0010000000474974513,
    "fx": 385.724365234375,
    "fy": 385.28033447265625,
    "ppx": 326.5517883300781,
    "ppy": 244.87197875976562,
    "method": "all_mask_pixels_with_invalid_depth_filled_by_median_depth"
  },
  "frame": "RealSense D455 aligned color camera frame",
  "note": "Belum ditransformasikan ke base frame UR5."
}