{
  "pointcloud_path": "/home/b401/Documents/pick_place_occlusion_noetic/outputs/TC_01_OI_VLM/vision_output/masked_object_pointcloud_median_fill.ply",
  "clean_mask_path": null,
  "method": "median_fill_all_mask_pixels",
  "use_median_fill": true,
  "mask_pixels": 7586,
  "valid_depth_pixels": 5752,
  "zero_depth_pixels": 1834,
  "final_points": 7244,
  "median_depth_m": 0.3930000066757202,
  "mean_depth_m": 0.3934052884578705,
  "center_mean_camera_m": [
    0.004787383600081109,
    -0.030044898551080074,
    0.3931511757347151
  ],
  "center_median_camera_m": [
    0.004509051330387592,
    -0.030470509082078934,
    0.3930000066757202
  ],
  "frame": "RealSense D455 aligned color camera frame",
  "note": "Point cloud masih camera frame, belum base frame UR5."
}