{
  "object": "red soda can",
  "pixel_center_uv": [
    331,
    215
  ],
  "pixel_center_uv_mean": [
    331,
    215
  ],
  "median_depth_m": 0.3930000066757202,
  "mean_depth_m": 0.3934052884578705,
  "point_camera_m": [
    0.004532115068286657,
    -0.030470509082078934,
    0.3930000066757202
  ],
  "point_camera_mean_m": [
    0.004803270101547241,
    -0.030001860111951828,
    0.3933044672012329
  ],
  "debug": {
    "mask_pixels": 7586,
    "valid_depth_pixels": 5752,
    "valid_depth_ratio": 0.7582388610598471,
    "used_pixels_after_depth_fill": 7586,
    "min_depth_m": 0.1,
    "max_depth_m": 2.0,
    "depth_scale": 0.0010000000474974513,
    "fx": 385.724365234375,
    "fy": 385.28033447265625,
    "ppx": 326.5517883300781,
    "ppy": 244.87197875976562,
    "method": "all_mask_pixels_with_invalid_depth_filled_by_median_depth"
  },
  "frame": "RealSense D455 aligned color camera frame",
  "note": "Belum ditransformasikan ke base frame UR5."
}