{
  "object": "red soda can",
  "pixel_center_uv": [
    225,
    213
  ],
  "pixel_center_uv_mean": [
    224,
    213
  ],
  "median_depth_m": 0.3880000114440918,
  "mean_depth_m": 0.3900285065174103,
  "point_camera_m": [
    -0.10212308913469315,
    -0.03217092156410217,
    0.3880000114440918
  ],
  "point_camera_mean_m": [
    -0.10247640311717987,
    -0.03225649893283844,
    0.38962143659591675
  ],
  "debug": {
    "mask_pixels": 8029,
    "valid_depth_pixels": 6462,
    "valid_depth_ratio": 0.8048324822518371,
    "used_pixels_after_depth_fill": 8029,
    "min_depth_m": 0.1,
    "max_depth_m": 2.0,
    "depth_scale": 0.0010000000474974513,
    "fx": 385.8294677734375,
    "fy": 385.38531494140625,
    "ppx": 326.5517883300781,
    "ppy": 244.87197875976562,
    "method": "all_mask_pixels_with_invalid_depth_filled_by_median_depth"
  },
  "frame": "RealSense D455 aligned color camera frame",
  "note": "Belum ditransformasikan ke base frame UR5."
}