{
  "object": "green soda can",
  "pixel_center_uv": [
    255,
    211
  ],
  "pixel_center_uv_mean": [
    254,
    211
  ],
  "median_depth_m": 0.47200003266334534,
  "mean_depth_m": 0.4729369580745697,
  "point_camera_m": [
    -0.08718490600585938,
    -0.041144292801618576,
    0.47200003266334534
  ],
  "point_camera_mean_m": [
    -0.08786621689796448,
    -0.04123532027006149,
    0.47274869680404663
  ],
  "debug": {
    "mask_pixels": 5403,
    "valid_depth_pixels": 4314,
    "valid_depth_ratio": 0.7984453081621321,
    "used_pixels_after_depth_fill": 5403,
    "min_depth_m": 0.1,
    "max_depth_m": 2.0,
    "depth_scale": 0.0010000000474974513,
    "fx": 385.724365234375,
    "fy": 385.28033447265625,
    "ppx": 326.5517883300781,
    "ppy": 244.87197875976562,
    "method": "all_mask_pixels_with_invalid_depth_filled_by_median_depth"
  },
  "frame": "RealSense D455 aligned color camera frame",
  "note": "Belum ditransformasikan ke base frame UR5."
}