{
  "success": true,
  "frame": "base",
  "target_link": "tool0",
  "source_target": "gripper_tip",
  "active_test_name": "TC_12_OA_VLM",
  "translation_tool0_pregrasp": [
    -0.6378519864666177,
    0.4408520216962336,
    0.35740630969689996
  ],
  "quaternion_tool0_xyzw": [
    -0.28340175782789895,
    0.6661598976406625,
    0.6411123643592581,
    -0.25473392137899675
  ],
  "rpy_tool0_rad": [
    1.619,
    0.024,
    -2.36
  ],
  "orientation_source": "fixed_rpy",
  "gripper_tip_grasp_base": [
    -0.707323190432075,
    0.5145150657092121,
    0.2192172174049492
  ],
  "gripper_tip_pregrasp_base": [
    -0.707323190432075,
    0.5145150657092121,
    0.3492172174049492
  ],
  "tool0_to_gripper_tip_offset_tool_frame": [
    0.0,
    0.0,
    0.17
  ],
  "pregrasp_z_m": 0.13,
  "score": 0.5964774489402771,
  "width": 0.07815510034561157,
  "depth": 0.029999999329447746,
  "height": 0.019999999552965164,
  "source_file": "/home/b401/Documents/pick_place_occlusion_noetic/outputs/TC_12_OA_VLM/vision_output/best_grasp_base.json",
  "note": "Kirim translation_tool0_pregrasp + quaternion_tool0_xyzw ke MoveIt sebagai target tool0. Jangan kirim gripper_tip_grasp_base langsung ke MoveIt.",
  "manual_nudge_base_m": {
    "dx": -0.05,
    "dy": 0.047,
    "dz": 0.0
  },
  "manual_nudge_history": [
    {
      "from": [
        -0.5878519864666176,
        0.3938520216962336,
        0.35740630969689996
      ],
      "to": [
        -0.6378519864666177,
        0.4408520216962336,
        0.35740630969689996
      ],
      "dx": -0.05,
      "dy": 0.047,
      "dz": 0.0,
      "frame": "base"
    }
  ],
  "note_nudge": "translation_tool0_pregrasp digeser manual dalam frame base. dx/dy/dz satuannya meter."
}