{
  "pointcloud_path": "/home/b401/Documents/pick_place_occlusion_noetic/outputs/TC_09_GMN_VLM/vision_output/masked_object_pointcloud_median_fill.ply",
  "clean_mask_path": null,
  "method": "median_fill_all_mask_pixels",
  "use_median_fill": true,
  "mask_pixels": 7053,
  "valid_depth_pixels": 5496,
  "zero_depth_pixels": 1557,
  "final_points": 6764,
  "median_depth_m": 0.41100001335144043,
  "mean_depth_m": 0.4121430516242981,
  "center_mean_camera_m": [
    0.016887006318860278,
    -0.03430870358649288,
    0.4118422712538103
  ],
  "center_median_camera_m": [
    0.016460496932268143,
    -0.03506637364625931,
    0.41100001335144043
  ],
  "frame": "RealSense D455 aligned color camera frame",
  "note": "Point cloud masih camera frame, belum base frame UR5."
}