{
  "success": true,
  "method": "graspnet_baseline_d455",
  "best_grasp": {
    "score": 0.6234722137451172,
    "translation_camera": [
      -0.0025403809268027544,
      -0.07063646614551544,
      0.3840000331401825
    ],
    "rotation_matrix_camera": [
      [
        0.5313771963119507,
        -0.7907350063323975,
        -0.3039349615573883
      ],
      [
        -0.16952382028102875,
        0.2522660195827484,
        -0.9526927471160889
      ],
      [
        0.8300000429153442,
        0.557763397693634,
        -2.4380613083963e-08
      ]
    ],
    "width": 0.07757310569286346,
    "height": 0.019999999552965164,
    "depth": 0.029999999329447746,
    "object_id": -1,
    "frame": "RealSense D455 aligned color camera frame",
    "rank": 0,
    "distance_to_object_center": 0.04315545489783759
  },
  "object_center_camera": [
    0.00144173762242396,
    -0.027851700248441125,
    0.3880000114440918
  ],
  "frame": "RealSense D455 aligned color camera frame",
  "note": "Masih camera frame. Perlu transform camera-to-base sebelum eksekusi UR5.",
  "meta": {
    "object_center_camera": [
      0.00144173762242396,
      -0.027851700248441125,
      0.3880000114440918
    ],
    "num_mask_points": 9585,
    "num_workspace_points": 6469,
    "num_cloud_masked": 6469,
    "rgb_path": "/home/b401/Documents/pick_place_occlusion_noetic/data/d455_capture/current_scene_rgb.jpg",
    "depth_path": "/home/b401/Documents/pick_place_occlusion_noetic/data/d455_capture/depth_raw.npy",
    "intrinsics_path": "/home/b401/Documents/pick_place_occlusion_noetic/data/d455_capture/camera_intrinsics.json",
    "mask_path": "/home/b401/Documents/pick_place_occlusion_noetic/outputs/clear_coca_local/vision_output/fastsam_mask.png",
    "intrinsics": {
      "width": 640,
      "height": 480,
      "fx": 385.724365234375,
      "fy": 385.28033447265625,
      "ppx": 326.5517883300781,
      "ppy": 244.87197875976562,
      "depth_scale": 0.0010000000474974513
    },
    "depth_scale": 0.0010000000474974513,
    "factor_depth": 999.999952502551,
    "frame": "RealSense D455 aligned color camera frame"
  }
}