{
  "object": "red soda can",
  "pixel_center_uv": [
    332,
    211
  ],
  "pixel_center_uv_mean": [
    332,
    211
  ],
  "median_depth_m": 0.43300002813339233,
  "mean_depth_m": 0.43325021862983704,
  "point_camera_m": [
    0.006086054723709822,
    -0.037705328315496445,
    0.43300002813339233
  ],
  "point_camera_mean_m": [
    0.006301159970462322,
    -0.03729090094566345,
    0.4331960082054138
  ],
  "debug": {
    "mask_pixels": 6437,
    "valid_depth_pixels": 4984,
    "valid_depth_ratio": 0.7742737299984465,
    "used_pixels_after_depth_fill": 6437,
    "min_depth_m": 0.1,
    "max_depth_m": 2.0,
    "depth_scale": 0.0010000000474974513,
    "fx": 385.8294677734375,
    "fy": 385.38531494140625,
    "ppx": 326.5517883300781,
    "ppy": 244.87197875976562,
    "method": "all_mask_pixels_with_invalid_depth_filled_by_median_depth"
  },
  "frame": "RealSense D455 aligned color camera frame",
  "note": "Belum ditransformasikan ke base frame UR5."
}