{
  "success": true,
  "method": "graspnet_baseline_d455",
  "best_grasp": {
    "score": 0.5205157995223999,
    "translation_camera": [
      0.0037972498685121536,
      -0.09798065572977066,
      0.42500001192092896
    ],
    "rotation_matrix_camera": [
      [
        -0.10528454929590225,
        -0.9855514764785767,
        0.13267801702022552
      ],
      [
        0.6126206517219543,
        -0.1693761795759201,
        -0.7720153331756592
      ],
      [
        0.7833333611488342,
        0.0,
        0.6216018795967102
      ]
    ],
    "width": 0.08276981115341187,
    "height": 0.019999999552965164,
    "depth": 0.029999999329447746,
    "object_id": -1,
    "frame": "RealSense D455 aligned color camera frame",
    "rank": 0,
    "distance_to_object_center": 0.06230252594906795
  },
  "object_center_camera": [
    0.0004947423708697888,
    -0.036420131659707644,
    0.43400001525878906
  ],
  "frame": "RealSense D455 aligned color camera frame",
  "note": "Masih camera frame. Perlu transform camera-to-base sebelum eksekusi UR5.",
  "meta": {
    "object_center_camera": [
      0.0004947423708697888,
      -0.036420131659707644,
      0.43400001525878906
    ],
    "num_mask_points": 7958,
    "num_workspace_points": 5356,
    "num_cloud_masked": 5356,
    "rgb_path": "/home/b401/Documents/pick_place_occlusion_noetic/data/d455_capture/current_scene_rgb.jpg",
    "depth_path": "/home/b401/Documents/pick_place_occlusion_noetic/data/d455_capture/depth_raw.npy",
    "intrinsics_path": "/home/b401/Documents/pick_place_occlusion_noetic/data/d455_capture/camera_intrinsics.json",
    "mask_path": "/home/b401/Documents/pick_place_occlusion_noetic/outputs/single_4steps_water_004/vision_output/fastsam_mask.png",
    "intrinsics": {
      "width": 640,
      "height": 480,
      "fx": 385.9345703125,
      "fy": 385.49029541015625,
      "ppx": 326.5517883300781,
      "ppy": 244.87197875976562,
      "depth_scale": 0.0010000000474974513
    },
    "depth_scale": 0.0010000000474974513,
    "factor_depth": 999.999952502551,
    "frame": "RealSense D455 aligned color camera frame"
  }
}