{
  "object": "green soda can",
  "pixel_center_uv": [
    315,
    212
  ],
  "pixel_center_uv_mean": [
    314,
    211
  ],
  "median_depth_m": 0.38100001215934753,
  "mean_depth_m": 0.3828137516975403,
  "point_camera_m": [
    -0.011407192796468735,
    -0.03283911198377609,
    0.38100001215934753
  ],
  "point_camera_mean_m": [
    -0.011705695651471615,
    -0.032550591975450516,
    0.382434219121933
  ],
  "debug": {
    "mask_pixels": 8033,
    "valid_depth_pixels": 6286,
    "valid_depth_ratio": 0.7825220963525458,
    "used_pixels_after_depth_fill": 8033,
    "min_depth_m": 0.1,
    "max_depth_m": 2.0,
    "depth_scale": 0.0010000000474974513,
    "fx": 385.8294677734375,
    "fy": 385.38531494140625,
    "ppx": 326.5517883300781,
    "ppy": 244.87197875976562,
    "method": "all_mask_pixels_with_invalid_depth_filled_by_median_depth"
  },
  "frame": "RealSense D455 aligned color camera frame",
  "note": "Belum ditransformasikan ke base frame UR5."
}