{
  "success": true,
  "method": "graspnet_baseline_d455",
  "best_grasp": {
    "score": 0.36602312326431274,
    "translation_camera": [
      -0.02621229737997055,
      0.014951806515455246,
      0.38100001215934753
    ],
    "rotation_matrix_camera": [
      [
        -0.4467552900314331,
        -0.1930502951145172,
        -0.8735795617103577
      ],
      [
        -0.8019134998321533,
        -0.3465198576450348,
        0.4866813123226166
      ],
      [
        -0.39666667580604553,
        0.9179626703262329,
        -4.0125421207903855e-08
      ]
    ],
    "width": 0.0637301504611969,
    "height": 0.019999999552965164,
    "depth": 0.019999999552965164,
    "object_id": -1,
    "frame": "RealSense D455 aligned color camera frame",
    "rank": 0,
    "distance_to_object_center": 0.047296028046341046
  },
  "object_center_camera": [
    -0.03721760368645795,
    -0.031045992367324655,
    0.38100001215934753
  ],
  "frame": "RealSense D455 aligned color camera frame",
  "note": "Masih camera frame. Perlu transform camera-to-base sebelum eksekusi UR5.",
  "meta": {
    "object_center_camera": [
      -0.03721760368645795,
      -0.031045992367324655,
      0.38100001215934753
    ],
    "num_mask_points": 10094,
    "num_workspace_points": 6474,
    "num_cloud_masked": 6474,
    "rgb_path": "/home/b401/Documents/pick_place_occlusion_noetic/data/d455_capture/current_scene_rgb.jpg",
    "depth_path": "/home/b401/Documents/pick_place_occlusion_noetic/data/d455_capture/depth_raw.npy",
    "intrinsics_path": "/home/b401/Documents/pick_place_occlusion_noetic/data/d455_capture/camera_intrinsics.json",
    "mask_path": "/home/b401/Documents/pick_place_occlusion_noetic/outputs/TC_12_GMN_VLM/vision_output/fastsam_mask.png",
    "intrinsics": {
      "width": 640,
      "height": 480,
      "fx": 385.9345703125,
      "fy": 385.49029541015625,
      "ppx": 326.5517883300781,
      "ppy": 244.87197875976562,
      "depth_scale": 0.0010000000474974513
    },
    "depth_scale": 0.0010000000474974513,
    "factor_depth": 999.999952502551,
    "frame": "RealSense D455 aligned color camera frame"
  }
}