{
  "object": "green soda can",
  "pixel_center_uv": [
    323,
    211
  ],
  "pixel_center_uv_mean": [
    322,
    211
  ],
  "median_depth_m": 0.3970000147819519,
  "mean_depth_m": 0.3986629843711853,
  "point_camera_m": [
    -0.0036566120106726885,
    -0.034911829978227615,
    0.3970000147819519
  ],
  "point_camera_mean_m": [
    -0.00396899925544858,
    -0.03406349569559097,
    0.39823877811431885
  ],
  "debug": {
    "mask_pixels": 7494,
    "valid_depth_pixels": 5628,
    "valid_depth_ratio": 0.7510008006405124,
    "used_pixels_after_depth_fill": 7494,
    "min_depth_m": 0.1,
    "max_depth_m": 2.0,
    "depth_scale": 0.0010000000474974513,
    "fx": 385.6192626953125,
    "fy": 385.17535400390625,
    "ppx": 326.5517883300781,
    "ppy": 244.87197875976562,
    "method": "all_mask_pixels_with_invalid_depth_filled_by_median_depth"
  },
  "frame": "RealSense D455 aligned color camera frame",
  "note": "Belum ditransformasikan ke base frame UR5."
}