{
  "object": "green soda can",
  "pixel_center_uv": [
    216,
    208
  ],
  "pixel_center_uv_mean": [
    216,
    208
  ],
  "median_depth_m": 0.3620000183582306,
  "mean_depth_m": 0.3735160231590271,
  "point_camera_m": [
    -0.10344618558883667,
    -0.03558358922600746,
    0.3620000183582306
  ],
  "point_camera_mean_m": [
    -0.10561404377222061,
    -0.03511781245470047,
    0.37055379152297974
  ],
  "debug": {
    "mask_pixels": 8880,
    "valid_depth_pixels": 6587,
    "valid_depth_ratio": 0.7417792792792792,
    "used_pixels_after_depth_fill": 8880,
    "min_depth_m": 0.1,
    "max_depth_m": 2.0,
    "depth_scale": 0.0010000000474974513,
    "fx": 385.724365234375,
    "fy": 385.28033447265625,
    "ppx": 326.5517883300781,
    "ppy": 244.87197875976562,
    "method": "all_mask_pixels_with_invalid_depth_filled_by_median_depth"
  },
  "frame": "RealSense D455 aligned color camera frame",
  "note": "Belum ditransformasikan ke base frame UR5."
}