{
  "object": "red soda can",
  "pixel_center_uv": [
    320,
    212
  ],
  "pixel_center_uv_mean": [
    319,
    211
  ],
  "median_depth_m": 0.3760000169277191,
  "mean_depth_m": 0.37916049361228943,
  "point_camera_m": [
    -0.006367893423885107,
    -0.032695528119802475,
    0.3760000169277191
  ],
  "point_camera_mean_m": [
    -0.006533048581331968,
    -0.03260175883769989,
    0.37835386395454407
  ],
  "debug": {
    "mask_pixels": 8435,
    "valid_depth_pixels": 6300,
    "valid_depth_ratio": 0.7468879668049793,
    "used_pixels_after_depth_fill": 8435,
    "min_depth_m": 0.1,
    "max_depth_m": 2.0,
    "depth_scale": 0.0010000000474974513,
    "fx": 385.8294677734375,
    "fy": 385.38531494140625,
    "ppx": 326.5517883300781,
    "ppy": 244.87197875976562,
    "method": "all_mask_pixels_with_invalid_depth_filled_by_median_depth"
  },
  "frame": "RealSense D455 aligned color camera frame",
  "note": "Belum ditransformasikan ke base frame UR5."
}