{
  "object": "blue water bottle",
  "pixel_center_uv": [
    299,
    183
  ],
  "pixel_center_uv_mean": [
    298,
    184
  ],
  "median_depth_m": 0.45100003480911255,
  "mean_depth_m": 0.45004329085350037,
  "point_camera_m": [
    -0.03221533074975014,
    -0.07242587208747864,
    0.45100003480911255
  ],
  "point_camera_mean_m": [
    -0.03283067047595978,
    -0.07086333632469177,
    0.4506435692310333
  ],
  "debug": {
    "mask_pixels": 9738,
    "valid_depth_pixels": 3422,
    "valid_depth_ratio": 0.35140685972478947,
    "used_pixels_after_depth_fill": 9738,
    "min_depth_m": 0.1,
    "max_depth_m": 2.0,
    "depth_scale": 0.0010000000474974513,
    "fx": 385.724365234375,
    "fy": 385.28033447265625,
    "ppx": 326.5517883300781,
    "ppy": 244.87197875976562,
    "method": "all_mask_pixels_with_invalid_depth_filled_by_median_depth"
  },
  "frame": "RealSense D455 aligned color camera frame",
  "note": "Belum ditransformasikan ke base frame UR5."
}