{
  "pointcloud_path": "/home/b401/Documents/pick_place_occlusion_noetic/outputs/water/vision_output/masked_object_pointcloud_median_fill.ply",
  "clean_mask_path": null,
  "method": "median_fill_all_mask_pixels",
  "use_median_fill": true,
  "mask_pixels": 7538,
  "valid_depth_pixels": 5662,
  "zero_depth_pixels": 1798,
  "final_points": 7434,
  "median_depth_m": 0.40300002694129944,
  "mean_depth_m": 0.40453600883483887,
  "center_mean_camera_m": [
    0.00681289476775729,
    -0.036783428245638045,
    0.40404454545529583
  ],
  "center_median_camera_m": [
    0.006722125690430403,
    -0.037119489163160324,
    0.40300002694129944
  ],
  "frame": "RealSense D455 aligned color camera frame",
  "note": "Point cloud masih camera frame, belum base frame UR5."
}