{
  "object": "green can",
  "pixel_center_uv": [
    278,
    212
  ],
  "pixel_center_uv_mean": [
    278,
    212
  ],
  "median_depth_m": 0.6110000014305115,
  "mean_depth_m": 0.610276460647583,
  "point_camera_m": [
    -0.07690761983394623,
    -0.05213030055165291,
    0.6110000014305115
  ],
  "point_camera_mean_m": [
    -0.07663056254386902,
    -0.0517377033829689,
    0.6103582382202148
  ],
  "debug": {
    "mask_pixels": 6620,
    "valid_depth_pixels": 6178,
    "valid_depth_ratio": 0.9332326283987915,
    "used_pixels_after_depth_fill": 6620,
    "min_depth_m": 0.1,
    "max_depth_m": 2.0,
    "depth_scale": 0.0010000000474974513,
    "fx": 385.724365234375,
    "fy": 385.28033447265625,
    "ppx": 326.5517883300781,
    "ppy": 244.87197875976562,
    "method": "all_mask_pixels_with_invalid_depth_filled_by_median_depth"
  },
  "frame": "RealSense D455 aligned color camera frame",
  "note": "Belum ditransformasikan ke base frame UR5."
}