{
  "object": "white soda can",
  "pixel_center_uv": [
    229,
    215
  ],
  "pixel_center_uv_mean": [
    228,
    215
  ],
  "median_depth_m": 0.42900002002716064,
  "mean_depth_m": 0.43200382590293884,
  "point_camera_m": [
    -0.10843734443187714,
    -0.033029478043317795,
    0.42900002002716064
  ],
  "point_camera_mean_m": [
    -0.10944975167512894,
    -0.032813314348459244,
    0.43155887722969055
  ],
  "debug": {
    "mask_pixels": 5519,
    "valid_depth_pixels": 4707,
    "valid_depth_ratio": 0.8528718970828049,
    "used_pixels_after_depth_fill": 5519,
    "min_depth_m": 0.1,
    "max_depth_m": 2.0,
    "depth_scale": 0.0010000000474974513,
    "fx": 385.9345703125,
    "fy": 385.49029541015625,
    "ppx": 326.5517883300781,
    "ppy": 244.87197875976562,
    "method": "all_mask_pixels_with_invalid_depth_filled_by_median_depth"
  },
  "frame": "RealSense D455 aligned color camera frame",
  "note": "Belum ditransformasikan ke base frame UR5."
}