{
  "success": true,
  "frame": "base",
  "target_link": "tool0",
  "source_target": "gripper_tip",
  "active_test_name": "sprite_2steps_007",
  "translation_tool0_pregrasp": [
    -0.5728968122056612,
    0.4088608171257163,
    0.43333549165293317
  ],
  "quaternion_tool0_xyzw": [
    -0.28340175782789895,
    0.6661598976406625,
    0.6411123643592581,
    -0.25473392137899675
  ],
  "rpy_tool0_rad": [
    1.619,
    0.024,
    -2.36
  ],
  "orientation_source": "fixed_rpy",
  "gripper_tip_grasp_base": [
    -0.6323680161711186,
    0.47952386113869483,
    0.2951463993609824
  ],
  "gripper_tip_pregrasp_base": [
    -0.6323680161711186,
    0.47952386113869483,
    0.4251463993609824
  ],
  "tool0_to_gripper_tip_offset_tool_frame": [
    0.0,
    0.0,
    0.17
  ],
  "pregrasp_z_m": 0.13,
  "score": 0.2670982778072357,
  "width": 0.08340059965848923,
  "depth": 0.019999999552965164,
  "height": 0.019999999552965164,
  "source_file": "/home/b401/Documents/pick_place_occlusion_noetic/outputs/sprite_2steps_007/vision_output/best_grasp_base.json",
  "note": "Kirim translation_tool0_pregrasp + quaternion_tool0_xyzw ke MoveIt sebagai target tool0. Jangan kirim gripper_tip_grasp_base langsung ke MoveIt.",
  "manual_nudge_base_m": {
    "dx": -0.06,
    "dy": 0.05,
    "dz": 0.0
  },
  "manual_nudge_history": [
    {
      "from": [
        -0.5128968122056612,
        0.3588608171257163,
        0.43333549165293317
      ],
      "to": [
        -0.5728968122056612,
        0.4088608171257163,
        0.43333549165293317
      ],
      "dx": -0.06,
      "dy": 0.05,
      "dz": 0.0,
      "frame": "base"
    }
  ],
  "note_nudge": "translation_tool0_pregrasp digeser manual dalam frame base. dx/dy/dz satuannya meter."
}