{
  "success": true,
  "method": "graspnet_baseline_d455",
  "best_grasp": {
    "score": 0.400398850440979,
    "translation_camera": [
      -0.025371316820383072,
      0.00807991437613964,
      0.3830000162124634
    ],
    "rotation_matrix_camera": [
      [
        -0.1557886302471161,
        0.9057342410087585,
        0.39417678117752075
      ],
      [
        -0.33291125297546387,
        -0.4238460063934326,
        0.8423328399658203
      ],
      [
        0.9300000071525574,
        0.0,
        0.3675594925880432
      ]
    ],
    "width": 0.08460333943367004,
    "height": 0.019999999552965164,
    "depth": 0.029999999329447746,
    "object_id": -1,
    "frame": "RealSense D455 aligned color camera frame",
    "rank": 0,
    "distance_to_object_center": 0.039046346715303076
  },
  "object_center_camera": [
    -0.031492537784369105,
    -0.03043174398219696,
    0.3850000202655792
  ],
  "frame": "RealSense D455 aligned color camera frame",
  "note": "Masih camera frame. Perlu transform camera-to-base sebelum eksekusi UR5.",
  "meta": {
    "object_center_camera": [
      -0.031492537784369105,
      -0.03043174398219696,
      0.3850000202655792
    ],
    "num_mask_points": 9735,
    "num_workspace_points": 6348,
    "num_cloud_masked": 6348,
    "rgb_path": "/home/b401/Documents/pick_place_occlusion_noetic/data/d455_capture/current_scene_rgb.jpg",
    "depth_path": "/home/b401/Documents/pick_place_occlusion_noetic/data/d455_capture/depth_raw.npy",
    "intrinsics_path": "/home/b401/Documents/pick_place_occlusion_noetic/data/d455_capture/camera_intrinsics.json",
    "mask_path": "/home/b401/Documents/pick_place_occlusion_noetic/outputs/TC_12_GMN_VLM/vision_output/fastsam_mask.png",
    "intrinsics": {
      "width": 640,
      "height": 480,
      "fx": 385.724365234375,
      "fy": 385.28033447265625,
      "ppx": 326.5517883300781,
      "ppy": 244.87197875976562,
      "depth_scale": 0.0010000000474974513
    },
    "depth_scale": 0.0010000000474974513,
    "factor_depth": 999.999952502551,
    "frame": "RealSense D455 aligned color camera frame"
  }
}