{
  "object": "red soda can",
  "pixel_center_uv": [
    414,
    213
  ],
  "pixel_center_uv_mean": [
    413,
    212
  ],
  "median_depth_m": 0.37300002574920654,
  "mean_depth_m": 0.37550875544548035,
  "point_camera_m": [
    0.08322586119174957,
    -0.03144373744726181,
    0.37300002574920654
  ],
  "point_camera_mean_m": [
    0.08442942053079605,
    -0.031521450728178024,
    0.37499645352363586
  ],
  "debug": {
    "mask_pixels": 8853,
    "valid_depth_pixels": 6992,
    "valid_depth_ratio": 0.7897887721676268,
    "used_pixels_after_depth_fill": 8853,
    "min_depth_m": 0.1,
    "max_depth_m": 2.0,
    "depth_scale": 0.0010000000474974513,
    "fx": 385.6192626953125,
    "fy": 385.17535400390625,
    "ppx": 326.5517883300781,
    "ppy": 244.87197875976562,
    "method": "all_mask_pixels_with_invalid_depth_filled_by_median_depth"
  },
  "frame": "RealSense D455 aligned color camera frame",
  "note": "Belum ditransformasikan ke base frame UR5."
}