{
  "success": true,
  "frame": "base",
  "target_link": "tool0",
  "source_target": "gripper_tip",
  "active_test_name": "sprite_002",
  "translation_tool0_pregrasp": [
    -0.5608058051912663,
    0.37041903977601975,
    0.3185361307380503
  ],
  "quaternion_tool0_xyzw": [
    -0.28340175782789895,
    0.6661598976406625,
    0.6411123643592581,
    -0.25473392137899675
  ],
  "rpy_tool0_rad": [
    1.619,
    0.024,
    -2.36
  ],
  "orientation_source": "fixed_rpy",
  "gripper_tip_grasp_base": [
    -0.7302770091567238,
    0.4530820837889983,
    0.18034703844609956
  ],
  "gripper_tip_pregrasp_base": [
    -0.7302770091567238,
    0.4530820837889983,
    0.31034703844609957
  ],
  "tool0_to_gripper_tip_offset_tool_frame": [
    0.0,
    0.0,
    0.17
  ],
  "pregrasp_z_m": 0.13,
  "score": 0.35891687870025635,
  "width": 0.06935998052358627,
  "depth": 0.019999999552965164,
  "height": 0.019999999552965164,
  "source_file": "/home/b401/Documents/pick_place_occlusion_noetic/outputs/sprite_002/vision_output/best_grasp_base.json",
  "note": "Kirim translation_tool0_pregrasp + quaternion_tool0_xyzw ke MoveIt sebagai target tool0. Jangan kirim gripper_tip_grasp_base langsung ke MoveIt.",
  "manual_nudge_base_m": {
    "dx": 0.05,
    "dy": 0.038,
    "dz": 0.0
  },
  "manual_nudge_history": [
    {
      "from": [
        -0.6108058051912664,
        0.3324190397760198,
        0.3185361307380503
      ],
      "to": [
        -0.5608058051912663,
        0.37041903977601975,
        0.3185361307380503
      ],
      "dx": 0.05,
      "dy": 0.038,
      "dz": 0.0,
      "frame": "base"
    }
  ],
  "note_nudge": "translation_tool0_pregrasp digeser manual dalam frame base. dx/dy/dz satuannya meter."
}