{
  "pointcloud_path": "/home/b401/Documents/pick_place_occlusion_noetic/outputs/TC_14_YOLO_02/vision_output/masked_object_pointcloud_median_fill.ply",
  "clean_mask_path": null,
  "method": "median_fill_all_mask_pixels",
  "use_median_fill": true,
  "mask_pixels": 7945,
  "valid_depth_pixels": 5973,
  "zero_depth_pixels": 1942,
  "final_points": 7923,
  "median_depth_m": 0.3850000202655792,
  "mean_depth_m": 0.3865654170513153,
  "center_mean_camera_m": [
    -0.0075266927442208436,
    -0.03280480662531267,
    0.3856679466386704
  ],
  "center_median_camera_m": [
    -0.007515980862081051,
    -0.03283911198377609,
    0.3850000202655792
  ],
  "frame": "RealSense D455 aligned color camera frame",
  "note": "Point cloud masih camera frame, belum base frame UR5."
}