{
  "object": "clear water bottle",
  "pixel_center_uv": [
    377,
    188
  ],
  "pixel_center_uv_mean": [
    376,
    188
  ],
  "median_depth_m": 0.49000000953674316,
  "mean_depth_m": 0.4919603168964386,
  "point_camera_m": [
    0.06404022127389908,
    -0.07161130756139755,
    0.49000000953674316
  ],
  "point_camera_mean_m": [
    0.06398966163396835,
    -0.07244359701871872,
    0.49098020792007446
  ],
  "debug": {
    "mask_pixels": 8459,
    "valid_depth_pixels": 4230,
    "valid_depth_ratio": 0.5000591086416835,
    "used_pixels_after_depth_fill": 8459,
    "min_depth_m": 0.1,
    "max_depth_m": 2.0,
    "depth_scale": 0.0010000000474974513,
    "fx": 385.6192626953125,
    "fy": 385.17535400390625,
    "ppx": 326.5517883300781,
    "ppy": 244.87197875976562,
    "method": "all_mask_pixels_with_invalid_depth_filled_by_median_depth"
  },
  "frame": "RealSense D455 aligned color camera frame",
  "note": "Belum ditransformasikan ke base frame UR5."
}