{
  "pointcloud_path": "/home/b401/Documents/pick_place_occlusion_noetic/outputs/MO_OAI_IM_TYP_003/vision_output/masked_object_pointcloud_median_fill.ply",
  "clean_mask_path": null,
  "method": "median_fill_all_mask_pixels",
  "use_median_fill": true,
  "mask_pixels": 10410,
  "valid_depth_pixels": 7359,
  "zero_depth_pixels": 3051,
  "final_points": 9962,
  "median_depth_m": 0.33100003004074097,
  "mean_depth_m": 0.3326016068458557,
  "center_mean_camera_m": [
    0.033246536767170064,
    -0.03162863939617998,
    0.3318563747228903
  ],
  "center_median_camera_m": [
    0.0329844169318676,
    -0.032527513802051544,
    0.33100003004074097
  ],
  "frame": "RealSense D455 aligned color camera frame",
  "note": "Point cloud masih camera frame, belum base frame UR5."
}