{
  "object": "brown bottle",
  "pixel_center_uv": [
    408,
    215
  ],
  "pixel_center_uv_mean": [
    408,
    213
  ],
  "median_depth_m": 0.36500000953674316,
  "mean_depth_m": 0.3662165403366089,
  "point_camera_m": [
    0.07716341316699982,
    -0.02804682031273842,
    0.36500000953674316
  ],
  "point_camera_mean_m": [
    0.07757420092821121,
    -0.03020489774644375,
    0.36601999402046204
  ],
  "debug": {
    "mask_pixels": 7358,
    "valid_depth_pixels": 6138,
    "valid_depth_ratio": 0.83419407447676,
    "used_pixels_after_depth_fill": 7358,
    "min_depth_m": 0.1,
    "max_depth_m": 2.0,
    "depth_scale": 0.0010000000474974513,
    "fx": 385.724365234375,
    "fy": 385.28033447265625,
    "ppx": 326.5517883300781,
    "ppy": 244.87197875976562,
    "method": "all_mask_pixels_with_invalid_depth_filled_by_median_depth"
  },
  "frame": "RealSense D455 aligned color camera frame",
  "note": "Belum ditransformasikan ke base frame UR5."
}