{
  "width": 640,
  "height": 480,
  "fx": 385.9345703125,
  "fy": 385.49029541015625,
  "ppx": 326.5517883300781,
  "ppy": 244.87197875976562,
  "depth_scale": 0.0010000000474974513
}