{
  "width": 640,
  "height": 480,
  "fx": 385.8294677734375,
  "fy": 385.38531494140625,
  "ppx": 326.5517883300781,
  "ppy": 244.87197875976562,
  "depth_scale": 0.0010000000474974513
}