{
  "object": "red soda can",
  "pixel_center_uv": [
    338,
    215
  ],
  "pixel_center_uv_mean": [
    338,
    215
  ],
  "median_depth_m": 0.3890000283718109,
  "mean_depth_m": 0.38972923159599304,
  "point_camera_m": [
    0.011512615717947483,
    -0.030152160674333572,
    0.3890000283718109
  ],
  "point_camera_mean_m": [
    0.011577893048524857,
    -0.0298051405698061,
    0.38953885436058044
  ],
  "debug": {
    "mask_pixels": 7782,
    "valid_depth_pixels": 5838,
    "valid_depth_ratio": 0.7501927525057825,
    "used_pixels_after_depth_fill": 7782,
    "min_depth_m": 0.1,
    "max_depth_m": 2.0,
    "depth_scale": 0.0010000000474974513,
    "fx": 385.8294677734375,
    "fy": 385.38531494140625,
    "ppx": 326.5517883300781,
    "ppy": 244.87197875976562,
    "method": "all_mask_pixels_with_invalid_depth_filled_by_median_depth"
  },
  "frame": "RealSense D455 aligned color camera frame",
  "note": "Belum ditransformasikan ke base frame UR5."
}