{
  "pointcloud_path": "/home/b401/Documents/pick_place_occlusion_noetic/outputs/TC_01_OA_VLM/vision_output/masked_object_pointcloud_median_fill.ply",
  "clean_mask_path": null,
  "method": "median_fill_all_mask_pixels",
  "use_median_fill": true,
  "mask_pixels": 6199,
  "valid_depth_pixels": 4690,
  "zero_depth_pixels": 1509,
  "final_points": 6179,
  "median_depth_m": 0.39500001072883606,
  "mean_depth_m": 0.39815160632133484,
  "center_mean_camera_m": [
    -0.008849964280012735,
    -0.026583877877158994,
    0.3956786042510701
  ],
  "center_median_camera_m": [
    -0.008710721507668495,
    -0.02434365823864937,
    0.39500001072883606
  ],
  "frame": "RealSense D455 aligned color camera frame",
  "note": "Point cloud masih camera frame, belum base frame UR5."
}