{
  "pointcloud_path": "/home/b401/Documents/pick_place_occlusion_noetic/outputs/TC_09_0A_YOLO/vision_output/masked_object_pointcloud_median_fill.ply",
  "clean_mask_path": null,
  "method": "median_fill_all_mask_pixels",
  "use_median_fill": true,
  "mask_pixels": 8142,
  "valid_depth_pixels": 6628,
  "zero_depth_pixels": 1514,
  "final_points": 8131,
  "median_depth_m": 0.37800002098083496,
  "mean_depth_m": 0.379757285118103,
  "center_mean_camera_m": [
    0.06517332255823807,
    -0.03331767486293756,
    0.3791246016502615
  ],
  "center_median_camera_m": [
    0.06442847102880478,
    -0.03394149988889694,
    0.37800002098083496
  ],
  "frame": "RealSense D455 aligned color camera frame",
  "note": "Point cloud masih camera frame, belum base frame UR5."
}