{
  "object": "red soda can",
  "pixel_center_uv": [
    393,
    210
  ],
  "pixel_center_uv_mean": [
    392,
    210
  ],
  "median_depth_m": 0.37800002098083496,
  "mean_depth_m": 0.379757285118103,
  "point_camera_m": [
    0.06460074335336685,
    -0.03403201326727867,
    0.37800002098083496
  ],
  "point_camera_mean_m": [
    0.06524479389190674,
    -0.033506061881780624,
    0.37942764163017273
  ],
  "debug": {
    "mask_pixels": 8142,
    "valid_depth_pixels": 6628,
    "valid_depth_ratio": 0.8140506018177353,
    "used_pixels_after_depth_fill": 8142,
    "min_depth_m": 0.1,
    "max_depth_m": 2.0,
    "depth_scale": 0.0010000000474974513,
    "fx": 385.724365234375,
    "fy": 385.28033447265625,
    "ppx": 326.5517883300781,
    "ppy": 244.87197875976562,
    "method": "all_mask_pixels_with_invalid_depth_filled_by_median_depth"
  },
  "frame": "RealSense D455 aligned color camera frame",
  "note": "Belum ditransformasikan ke base frame UR5."
}