{
  "pointcloud_path": "/home/b401/Documents/pick_place_occlusion_noetic/outputs/bothsoda/vision_output/masked_object_pointcloud_median_fill.ply",
  "clean_mask_path": null,
  "method": "median_fill_all_mask_pixels",
  "use_median_fill": true,
  "mask_pixels": 6269,
  "valid_depth_pixels": 5258,
  "zero_depth_pixels": 1011,
  "final_points": 6034,
  "median_depth_m": 0.4400000274181366,
  "mean_depth_m": 0.44175541400909424,
  "center_mean_camera_m": [
    0.016841193927388455,
    -0.036993840969861955,
    0.44129634303073834
  ],
  "center_median_camera_m": [
    0.01655614748597145,
    -0.03754064440727234,
    0.4400000274181366
  ],
  "frame": "RealSense D455 aligned color camera frame",
  "note": "Point cloud masih camera frame, belum base frame UR5."
}