{
  "pointcloud_path": "/home/b401/Documents/pick_place_occlusion_noetic/outputs/TC_12_GMN_VLM/vision_output/masked_object_pointcloud_median_fill.ply",
  "clean_mask_path": null,
  "method": "median_fill_all_mask_pixels",
  "use_median_fill": true,
  "mask_pixels": 6711,
  "valid_depth_pixels": 5111,
  "zero_depth_pixels": 1600,
  "final_points": 6705,
  "median_depth_m": 0.38200002908706665,
  "mean_depth_m": 0.38322678208351135,
  "center_mean_camera_m": [
    -0.02694798366313885,
    -0.029768764358524324,
    0.3827214215336941
  ],
  "center_median_camera_m": [
    -0.02692861668765545,
    -0.027634674683213234,
    0.38200002908706665
  ],
  "frame": "RealSense D455 aligned color camera frame",
  "note": "Point cloud masih camera frame, belum base frame UR5."
}