{
  "success": true,
  "method": "graspnet_baseline_d455",
  "best_grasp": {
    "score": 0.8104805946350098,
    "translation_camera": [
      -0.07878921926021576,
      0.01318587176501751,
      0.4190000295639038
    ],
    "rotation_matrix_camera": [
      [
        0.32332366704940796,
        0.7677836418151855,
        -0.5531455874443054
      ],
      [
        -0.38744980096817017,
        0.6407091617584229,
        0.6628532409667969
      ],
      [
        0.8633333444595337,
        0.0,
        0.5046340823173523
      ]
    ],
    "width": 0.08138731122016907,
    "height": 0.019999999552965164,
    "depth": 0.029999999329447746,
    "object_id": -1,
    "frame": "RealSense D455 aligned color camera frame",
    "rank": 0,
    "distance_to_object_center": 0.12658548799274685
  },
  "object_center_camera": [
    -0.045438048528525385,
    -0.10787438222969437,
    0.40300002694129944
  ],
  "frame": "RealSense D455 aligned color camera frame",
  "note": "Masih camera frame. Perlu transform camera-to-base sebelum eksekusi UR5.",
  "meta": {
    "object_center_camera": [
      -0.045438048528525385,
      -0.10787438222969437,
      0.40300002694129944
    ],
    "num_mask_points": 14379,
    "num_workspace_points": 4192,
    "num_cloud_masked": 4192,
    "rgb_path": "/home/b401/Documents/pick_place_occlusion_noetic/data/d455_capture/current_scene_rgb.jpg",
    "depth_path": "/home/b401/Documents/pick_place_occlusion_noetic/data/d455_capture/depth_raw.npy",
    "intrinsics_path": "/home/b401/Documents/pick_place_occlusion_noetic/data/d455_capture/camera_intrinsics.json",
    "mask_path": "/home/b401/Documents/pick_place_occlusion_noetic/outputs/TC_12_GMN_YOLO/vision_output/fastsam_mask.png",
    "intrinsics": {
      "width": 640,
      "height": 480,
      "fx": 385.8294677734375,
      "fy": 385.38531494140625,
      "ppx": 326.5517883300781,
      "ppy": 244.87197875976562,
      "depth_scale": 0.0010000000474974513
    },
    "depth_scale": 0.0010000000474974513,
    "factor_depth": 999.999952502551,
    "frame": "RealSense D455 aligned color camera frame"
  }
}