{
  "object": "clear water bottle",
  "pixel_center_uv": [
    288,
    181
  ],
  "pixel_center_uv_mean": [
    287,
    182
  ],
  "median_depth_m": 0.43800002336502075,
  "mean_depth_m": 0.43882670998573303,
  "point_camera_m": [
    -0.0437646321952343,
    -0.07259209454059601,
    0.43800002336502075
  ],
  "point_camera_mean_m": [
    -0.043896615505218506,
    -0.0710059329867363,
    0.43827369809150696
  ],
  "debug": {
    "mask_pixels": 10147,
    "valid_depth_pixels": 3457,
    "valid_depth_ratio": 0.34069183009756576,
    "used_pixels_after_depth_fill": 10147,
    "min_depth_m": 0.1,
    "max_depth_m": 2.0,
    "depth_scale": 0.0010000000474974513,
    "fx": 385.8294677734375,
    "fy": 385.38531494140625,
    "ppx": 326.5517883300781,
    "ppy": 244.87197875976562,
    "method": "all_mask_pixels_with_invalid_depth_filled_by_median_depth"
  },
  "frame": "RealSense D455 aligned color camera frame",
  "note": "Belum ditransformasikan ke base frame UR5."
}