{
  "object": "clear water bottle",
  "pixel_center_uv": [
    363,
    186
  ],
  "pixel_center_uv_mean": [
    363,
    186
  ],
  "median_depth_m": 0.48000001907348633,
  "mean_depth_m": 0.4807845950126648,
  "point_camera_m": [
    0.045356590300798416,
    -0.07334543019533157,
    0.48000001907348633
  ],
  "point_camera_mean_m": [
    0.045890357345342636,
    -0.07269301265478134,
    0.48024308681488037
  ],
  "debug": {
    "mask_pixels": 8497,
    "valid_depth_pixels": 2771,
    "valid_depth_ratio": 0.3261150994468636,
    "used_pixels_after_depth_fill": 8497,
    "min_depth_m": 0.1,
    "max_depth_m": 2.0,
    "depth_scale": 0.0010000000474974513,
    "fx": 385.724365234375,
    "fy": 385.28033447265625,
    "ppx": 326.5517883300781,
    "ppy": 244.87197875976562,
    "method": "all_mask_pixels_with_invalid_depth_filled_by_median_depth"
  },
  "frame": "RealSense D455 aligned color camera frame",
  "note": "Belum ditransformasikan ke base frame UR5."
}