{
  "success": true,
  "method": "graspnet_baseline_d455",
  "best_grasp": {
    "score": 0.3749525845050812,
    "translation_camera": [
      -0.014595936983823776,
      -0.07618986815214157,
      0.38700002431869507
    ],
    "rotation_matrix_camera": [
      [
        0.5313771963119507,
        -0.7907350063323975,
        -0.3039349615573883
      ],
      [
        -0.16952382028102875,
        0.2522660195827484,
        -0.9526927471160889
      ],
      [
        0.8300000429153442,
        0.557763397693634,
        -2.4380613083963e-08
      ]
    ],
    "width": 0.06427576392889023,
    "height": 0.019999999552965164,
    "depth": 0.019999999552965164,
    "object_id": -1,
    "frame": "RealSense D455 aligned color camera frame",
    "rank": 0,
    "distance_to_object_center": 0.04276294601955315
  },
  "object_center_camera": [
    -0.013557779372407985,
    -0.03386267080654878,
    0.3930000364780426
  ],
  "frame": "RealSense D455 aligned color camera frame",
  "note": "Masih camera frame. Perlu transform camera-to-base sebelum eksekusi UR5.",
  "meta": {
    "object_center_camera": [
      -0.013557779372407985,
      -0.03386267080654878,
      0.3930000364780426
    ],
    "num_mask_points": 9452,
    "num_workspace_points": 6479,
    "num_cloud_masked": 6479,
    "rgb_path": "/home/b401/Documents/pick_place_occlusion_noetic/data/d455_capture/current_scene_rgb.jpg",
    "depth_path": "/home/b401/Documents/pick_place_occlusion_noetic/data/d455_capture/depth_raw.npy",
    "intrinsics_path": "/home/b401/Documents/pick_place_occlusion_noetic/data/d455_capture/camera_intrinsics.json",
    "mask_path": "/home/b401/Documents/pick_place_occlusion_noetic/outputs/coca-cola/vision_output/fastsam_mask.png",
    "intrinsics": {
      "width": 640,
      "height": 480,
      "fx": 385.8294677734375,
      "fy": 385.38531494140625,
      "ppx": 326.5517883300781,
      "ppy": 244.87197875976562,
      "depth_scale": 0.0010000000474974513
    },
    "depth_scale": 0.0010000000474974513,
    "factor_depth": 999.999952502551,
    "frame": "RealSense D455 aligned color camera frame"
  }
}