{
  "pointcloud_path": "/home/b401/Documents/pick_place_occlusion_noetic/outputs/coca-cola/vision_output/masked_object_pointcloud_median_fill.ply",
  "clean_mask_path": null,
  "method": "median_fill_all_mask_pixels",
  "use_median_fill": true,
  "mask_pixels": 9327,
  "valid_depth_pixels": 6737,
  "zero_depth_pixels": 2590,
  "final_points": 9290,
  "median_depth_m": 0.35500001907348633,
  "mean_depth_m": 0.36400651931762695,
  "center_mean_camera_m": [
    9.653724550692598e-06,
    -0.03219133404124464,
    0.3577642787997766
  ],
  "center_median_camera_m": [
    -0.0004992532194592059,
    -0.03213128820061684,
    0.35500001907348633
  ],
  "frame": "RealSense D455 aligned color camera frame",
  "note": "Point cloud masih camera frame, belum base frame UR5."
}