{
  "object": "brown bottle",
  "pixel_center_uv": [
    314,
    221
  ],
  "pixel_center_uv_mean": [
    313,
    219
  ],
  "median_depth_m": 0.4020000100135803,
  "mean_depth_m": 0.40265271067619324,
  "point_camera_m": [
    -0.013211575336754322,
    -0.024845970794558525,
    0.4020000100135803
  ],
  "point_camera_mean_m": [
    -0.013779038563370705,
    -0.026796048507094383,
    0.40250328183174133
  ],
  "debug": {
    "mask_pixels": 5978,
    "valid_depth_pixels": 4613,
    "valid_depth_ratio": 0.7716627634660421,
    "used_pixels_after_depth_fill": 5978,
    "min_depth_m": 0.1,
    "max_depth_m": 2.0,
    "depth_scale": 0.0010000000474974513,
    "fx": 385.724365234375,
    "fy": 385.28033447265625,
    "ppx": 326.5517883300781,
    "ppy": 244.87197875976562,
    "method": "all_mask_pixels_with_invalid_depth_filled_by_median_depth"
  },
  "frame": "RealSense D455 aligned color camera frame",
  "note": "Belum ditransformasikan ke base frame UR5."
}