{
  "pointcloud_path": "/home/b401/Documents/pick_place_occlusion_noetic/outputs/sprite_2steps_002/vision_output/masked_object_pointcloud_median_fill.ply",
  "clean_mask_path": null,
  "method": "median_fill_all_mask_pixels",
  "use_median_fill": true,
  "mask_pixels": 8353,
  "valid_depth_pixels": 6542,
  "zero_depth_pixels": 1811,
  "final_points": 8142,
  "median_depth_m": 0.37400001287460327,
  "mean_depth_m": 0.37514129281044006,
  "center_mean_camera_m": [
    -0.018911965552659997,
    -0.033003546880543674,
    0.37419775533561944
  ],
  "center_median_camera_m": [
    -0.018906811252236366,
    -0.033144012093544006,
    0.37400001287460327
  ],
  "frame": "RealSense D455 aligned color camera frame",
  "note": "Point cloud masih camera frame, belum base frame UR5."
}