{
  "object": "green soda can",
  "pixel_center_uv": [
    298,
    191
  ],
  "pixel_center_uv_mean": [
    298,
    190
  ],
  "median_depth_m": 0.3320000171661377,
  "mean_depth_m": 0.34231987595558167,
  "point_camera_m": [
    -0.0254426971077919,
    -0.04629482701420784,
    0.3320000171661377
  ],
  "point_camera_mean_m": [
    -0.024941176176071167,
    -0.049260370433330536,
    0.3386897146701813
  ],
  "debug": {
    "mask_pixels": 12442,
    "valid_depth_pixels": 8054,
    "valid_depth_ratio": 0.6473235814177785,
    "used_pixels_after_depth_fill": 12442,
    "min_depth_m": 0.1,
    "max_depth_m": 2.0,
    "depth_scale": 0.0010000000474974513,
    "fx": 385.6192626953125,
    "fy": 385.17535400390625,
    "ppx": 326.5517883300781,
    "ppy": 244.87197875976562,
    "method": "all_mask_pixels_with_invalid_depth_filled_by_median_depth"
  },
  "frame": "RealSense D455 aligned color camera frame",
  "note": "Belum ditransformasikan ke base frame UR5."
}