{
  "object": "green soda can",
  "pixel_center_uv": [
    307,
    211
  ],
  "pixel_center_uv_mean": [
    307,
    210
  ],
  "median_depth_m": 0.37400001287460327,
  "mean_depth_m": 0.37514129281044006,
  "point_camera_m": [
    -0.018906811252236366,
    -0.0328802689909935,
    0.37400001287460327
  ],
  "point_camera_mean_m": [
    -0.018970567733049393,
    -0.032969001680612564,
    0.37490347027778625
  ],
  "debug": {
    "mask_pixels": 8352,
    "valid_depth_pixels": 6542,
    "valid_depth_ratio": 0.7832854406130269,
    "used_pixels_after_depth_fill": 8352,
    "min_depth_m": 0.1,
    "max_depth_m": 2.0,
    "depth_scale": 0.0010000000474974513,
    "fx": 385.724365234375,
    "fy": 385.28033447265625,
    "ppx": 326.5517883300781,
    "ppy": 244.87197875976562,
    "method": "all_mask_pixels_with_invalid_depth_filled_by_median_depth"
  },
  "frame": "RealSense D455 aligned color camera frame",
  "note": "Belum ditransformasikan ke base frame UR5."
}