{
  "success": true,
  "method": "graspnet_baseline_d455",
  "best_grasp": {
    "score": 0.3745681345462799,
    "translation_camera": [
      -0.009187165647745132,
      -0.05861577391624451,
      0.3710000216960907
    ],
    "rotation_matrix_camera": [
      [
        0.4980229139328003,
        -0.6140506863594055,
        -0.6123030185699463
      ],
      [
        -0.3856969475746155,
        0.47555533051490784,
        -0.790623128414154
      ],
      [
        0.7766667008399963,
        0.6299118399620056,
        -2.7534321489497415e-08
      ]
    ],
    "width": 0.06681797653436661,
    "height": 0.019999999552965164,
    "depth": 0.019999999552965164,
    "object_id": -1,
    "frame": "RealSense D455 aligned color camera frame",
    "rank": 0,
    "distance_to_object_center": 0.0330058315995003
  },
  "object_center_camera": [
    -0.021120201820784636,
    -0.027989190362143174,
    0.37400001287460327
  ],
  "frame": "RealSense D455 aligned color camera frame",
  "note": "Masih camera frame. Perlu transform camera-to-base sebelum eksekusi UR5.",
  "meta": {
    "object_center_camera": [
      -0.021120201820784636,
      -0.027989190362143174,
      0.37400001287460327
    ],
    "num_mask_points": 10105,
    "num_workspace_points": 6888,
    "num_cloud_masked": 6888,
    "rgb_path": "/home/b401/Documents/pick_place_occlusion_noetic/data/d455_capture/current_scene_rgb.jpg",
    "depth_path": "/home/b401/Documents/pick_place_occlusion_noetic/data/d455_capture/depth_raw.npy",
    "intrinsics_path": "/home/b401/Documents/pick_place_occlusion_noetic/data/d455_capture/camera_intrinsics.json",
    "mask_path": "/home/b401/Documents/pick_place_occlusion_noetic/outputs/sprite_2steps_002/vision_output/fastsam_mask.png",
    "intrinsics": {
      "width": 640,
      "height": 480,
      "fx": 385.724365234375,
      "fy": 385.28033447265625,
      "ppx": 326.5517883300781,
      "ppy": 244.87197875976562,
      "depth_scale": 0.0010000000474974513
    },
    "depth_scale": 0.0010000000474974513,
    "factor_depth": 999.999952502551,
    "frame": "RealSense D455 aligned color camera frame"
  }
}