{
  "object": "green can",
  "pixel_center_uv": [
    351,
    212
  ],
  "pixel_center_uv_mean": [
    351,
    212
  ],
  "median_depth_m": 0.37800002098083496,
  "mean_depth_m": 0.37904104590415955,
  "point_camera_m": [
    0.02395862340927124,
    -0.032510582357645035,
    0.37800002098083496
  ],
  "point_camera_mean_m": [
    0.02439737319946289,
    -0.03213713690638542,
    0.3787797689437866
  ],
  "debug": {
    "mask_pixels": 8275,
    "valid_depth_pixels": 6218,
    "valid_depth_ratio": 0.7514199395770392,
    "used_pixels_after_depth_fill": 8275,
    "min_depth_m": 0.1,
    "max_depth_m": 2.0,
    "depth_scale": 0.0010000000474974513,
    "fx": 385.724365234375,
    "fy": 385.28033447265625,
    "ppx": 326.5517883300781,
    "ppy": 244.87197875976562,
    "method": "all_mask_pixels_with_invalid_depth_filled_by_median_depth"
  },
  "frame": "RealSense D455 aligned color camera frame",
  "note": "Belum ditransformasikan ke base frame UR5."
}