{
  "object": "red soda can",
  "pixel_center_uv": [
    299,
    210
  ],
  "pixel_center_uv_mean": [
    298,
    209
  ],
  "median_depth_m": 0.38200002908706665,
  "mean_depth_m": 0.38379165530204773,
  "point_camera_m": [
    -0.02728576399385929,
    -0.035299159586429596,
    0.38200002908706665
  ],
  "point_camera_mean_m": [
    -0.02750648744404316,
    -0.03500279411673546,
    0.38345223665237427
  ],
  "debug": {
    "mask_pixels": 8125,
    "valid_depth_pixels": 6557,
    "valid_depth_ratio": 0.8070153846153846,
    "used_pixels_after_depth_fill": 8125,
    "min_depth_m": 0.1,
    "max_depth_m": 2.0,
    "depth_scale": 0.0010000000474974513,
    "fx": 385.724365234375,
    "fy": 385.28033447265625,
    "ppx": 326.5517883300781,
    "ppy": 244.87197875976562,
    "method": "all_mask_pixels_with_invalid_depth_filled_by_median_depth"
  },
  "frame": "RealSense D455 aligned color camera frame",
  "note": "Belum ditransformasikan ke base frame UR5."
}