{
  "object": "brown bottle",
  "pixel_center_uv": [
    318,
    221
  ],
  "pixel_center_uv_mean": [
    317,
    219
  ],
  "median_depth_m": 0.39500001072883606,
  "mean_depth_m": 0.39815160632133484,
  "point_camera_m": [
    -0.008710721507668495,
    -0.024405602365732193,
    0.39500001072883606
  ],
  "point_camera_mean_m": [
    -0.008884178474545479,
    -0.02681668847799301,
    0.39738067984580994
  ],
  "debug": {
    "mask_pixels": 6199,
    "valid_depth_pixels": 4690,
    "valid_depth_ratio": 0.7565736409098242,
    "used_pixels_after_depth_fill": 6199,
    "min_depth_m": 0.1,
    "max_depth_m": 2.0,
    "depth_scale": 0.0010000000474974513,
    "fx": 385.8294677734375,
    "fy": 385.38531494140625,
    "ppx": 326.5517883300781,
    "ppy": 244.87197875976562,
    "method": "all_mask_pixels_with_invalid_depth_filled_by_median_depth"
  },
  "frame": "RealSense D455 aligned color camera frame",
  "note": "Belum ditransformasikan ke base frame UR5."
}