{
  "object": "red soda can",
  "pixel_center_uv": [
    297,
    209
  ],
  "pixel_center_uv_mean": [
    297,
    208
  ],
  "median_depth_m": 0.3760000169277191,
  "mean_depth_m": 0.37699878215789795,
  "point_camera_m": [
    -0.028508080169558525,
    -0.03557625785470009,
    0.3760000169277191
  ],
  "point_camera_mean_m": [
    -0.028520748019218445,
    -0.03527739644050598,
    0.37676841020584106
  ],
  "debug": {
    "mask_pixels": 8409,
    "valid_depth_pixels": 6513,
    "valid_depth_ratio": 0.7745272921869426,
    "used_pixels_after_depth_fill": 8409,
    "min_depth_m": 0.1,
    "max_depth_m": 2.0,
    "depth_scale": 0.0010000000474974513,
    "fx": 385.6192626953125,
    "fy": 385.17535400390625,
    "ppx": 326.5517883300781,
    "ppy": 244.87197875976562,
    "method": "all_mask_pixels_with_invalid_depth_filled_by_median_depth"
  },
  "frame": "RealSense D455 aligned color camera frame",
  "note": "Belum ditransformasikan ke base frame UR5."
}