{
  "pointcloud_path": "/home/b401/Documents/pick_place_occlusion_noetic/outputs/water_2steps_002/vision_output/masked_object_pointcloud_median_fill.ply",
  "clean_mask_path": null,
  "method": "median_fill_all_mask_pixels",
  "use_median_fill": true,
  "mask_pixels": 7264,
  "valid_depth_pixels": 5930,
  "zero_depth_pixels": 1334,
  "final_points": 7259,
  "median_depth_m": 0.4050000309944153,
  "mean_depth_m": 0.40607255697250366,
  "center_mean_camera_m": [
    -0.0298406975761116,
    -0.03458637395904185,
    0.40584931117490824
  ],
  "center_median_camera_m": [
    -0.02968250960111618,
    -0.03506637364625931,
    0.4050000309944153
  ],
  "frame": "RealSense D455 aligned color camera frame",
  "note": "Point cloud masih camera frame, belum base frame UR5."
}