{
  "object": "blue water bottle",
  "pixel_center_uv": [
    326,
    185
  ],
  "pixel_center_uv_mean": [
    325,
    185
  ],
  "median_depth_m": 0.4620000123977661,
  "mean_depth_m": 0.4623517394065857,
  "point_camera_m": [
    -0.0006678731879219413,
    -0.07279078662395477,
    0.4620000123977661
  ],
  "point_camera_mean_m": [
    -0.001376747852191329,
    -0.0715446025133133,
    0.46208471059799194
  ],
  "debug": {
    "mask_pixels": 9330,
    "valid_depth_pixels": 3128,
    "valid_depth_ratio": 0.3352625937834941,
    "used_pixels_after_depth_fill": 9330,
    "min_depth_m": 0.1,
    "max_depth_m": 2.0,
    "depth_scale": 0.0010000000474974513,
    "fx": 385.8294677734375,
    "fy": 385.38531494140625,
    "ppx": 326.5517883300781,
    "ppy": 244.87197875976562,
    "method": "all_mask_pixels_with_invalid_depth_filled_by_median_depth"
  },
  "frame": "RealSense D455 aligned color camera frame",
  "note": "Belum ditransformasikan ke base frame UR5."
}