{
  "object": "green soda can",
  "pixel_center_uv": [
    254,
    209
  ],
  "pixel_center_uv_mean": [
    253,
    209
  ],
  "median_depth_m": 0.3710000216960907,
  "mean_depth_m": 0.3811376988887787,
  "point_camera_m": [
    -0.06979065388441086,
    -0.03444928675889969,
    0.3710000216960907
  ],
  "point_camera_mean_m": [
    -0.07125444710254669,
    -0.03498236835002899,
    0.37896814942359924
  ],
  "debug": {
    "mask_pixels": 8247,
    "valid_depth_pixels": 6473,
    "valid_depth_ratio": 0.784891475688129,
    "used_pixels_after_depth_fill": 8247,
    "min_depth_m": 0.1,
    "max_depth_m": 2.0,
    "depth_scale": 0.0010000000474974513,
    "fx": 385.724365234375,
    "fy": 385.28033447265625,
    "ppx": 326.5517883300781,
    "ppy": 244.87197875976562,
    "method": "all_mask_pixels_with_invalid_depth_filled_by_median_depth"
  },
  "frame": "RealSense D455 aligned color camera frame",
  "note": "Belum ditransformasikan ke base frame UR5."
}