{
  "object": "green soda can",
  "pixel_center_uv": [
    228,
    211
  ],
  "pixel_center_uv_mean": [
    228,
    210
  ],
  "median_depth_m": 0.3540000021457672,
  "mean_depth_m": 0.3588889539241791,
  "point_camera_m": [
    -0.08952852338552475,
    -0.03176924213767052,
    0.3540000021457672
  ],
  "point_camera_mean_m": [
    -0.09075486660003662,
    -0.03149745613336563,
    0.3573693633079529
  ],
  "debug": {
    "mask_pixels": 9464,
    "valid_depth_pixels": 6519,
    "valid_depth_ratio": 0.6888207945900253,
    "used_pixels_after_depth_fill": 9464,
    "min_depth_m": 0.1,
    "max_depth_m": 2.0,
    "depth_scale": 0.0010000000474974513,
    "fx": 385.724365234375,
    "fy": 385.28033447265625,
    "ppx": 326.5517883300781,
    "ppy": 244.87197875976562,
    "method": "all_mask_pixels_with_invalid_depth_filled_by_median_depth"
  },
  "frame": "RealSense D455 aligned color camera frame",
  "note": "Belum ditransformasikan ke base frame UR5."
}