{
  "object": "green can",
  "pixel_center_uv": [
    286,
    205
  ],
  "pixel_center_uv_mean": [
    286,
    205
  ],
  "median_depth_m": 0.36400002241134644,
  "mean_depth_m": 0.37060612440109253,
  "point_camera_m": [
    -0.038057614117860794,
    -0.03766971826553345,
    0.36400002241134644
  ],
  "point_camera_mean_m": [
    -0.03832904249429703,
    -0.03701966255903244,
    0.36667323112487793
  ],
  "debug": {
    "mask_pixels": 5609,
    "valid_depth_pixels": 2262,
    "valid_depth_ratio": 0.4032804421465502,
    "used_pixels_after_depth_fill": 5609,
    "min_depth_m": 0.1,
    "max_depth_m": 2.0,
    "depth_scale": 0.0010000000474974513,
    "fx": 385.724365234375,
    "fy": 385.28033447265625,
    "ppx": 326.5517883300781,
    "ppy": 244.87197875976562,
    "method": "all_mask_pixels_with_invalid_depth_filled_by_median_depth"
  },
  "frame": "RealSense D455 aligned color camera frame",
  "note": "Belum ditransformasikan ke base frame UR5."
}