{
  "pointcloud_path": "/home/b401/Documents/pick_place_occlusion_noetic/outputs/single_4steps_water_002/vision_output/masked_object_pointcloud_median_fill.ply",
  "clean_mask_path": null,
  "method": "median_fill_all_mask_pixels",
  "use_median_fill": true,
  "mask_pixels": 4816,
  "valid_depth_pixels": 3700,
  "zero_depth_pixels": 1116,
  "final_points": 4800,
  "median_depth_m": 0.3320000171661377,
  "mean_depth_m": 0.33452972769737244,
  "center_mean_camera_m": [
    -0.0619499211331519,
    0.008315730094279085,
    0.33383043302223087
  ],
  "center_median_camera_m": [
    -0.06186551973223686,
    0.008462239988148212,
    0.3320000171661377
  ],
  "frame": "RealSense D455 aligned color camera frame",
  "note": "Point cloud masih camera frame, belum base frame UR5."
}