{
  "pointcloud_path": "/home/b401/Documents/pick_place_occlusion_noetic/outputs/sprite/vision_output/masked_object_pointcloud_median_fill.ply",
  "clean_mask_path": null,
  "method": "median_fill_all_mask_pixels",
  "use_median_fill": true,
  "mask_pixels": 8766,
  "valid_depth_pixels": 6492,
  "zero_depth_pixels": 2274,
  "final_points": 8334,
  "median_depth_m": 0.36400002241134644,
  "mean_depth_m": 0.3657453656196594,
  "center_mean_camera_m": [
    -0.007443284445270807,
    -0.03404222162457594,
    0.36497253997022083
  ],
  "center_median_camera_m": [
    -0.007167574018239975,
    -0.03488462418317795,
    0.36400002241134644
  ],
  "frame": "RealSense D455 aligned color camera frame",
  "note": "Point cloud masih camera frame, belum base frame UR5."
}