{
  "object": "red soda can",
  "pixel_center_uv": [
    309,
    212
  ],
  "pixel_center_uv_mean": [
    308,
    212
  ],
  "median_depth_m": 0.3630000054836273,
  "mean_depth_m": 0.37307310104370117,
  "point_camera_m": [
    -0.01655874401330948,
    -0.030610498040914536,
    0.3630000054836273
  ],
  "point_camera_mean_m": [
    -0.016805419698357582,
    -0.03215303272008896,
    0.37050268054008484
  ],
  "debug": {
    "mask_pixels": 8958,
    "valid_depth_pixels": 6663,
    "valid_depth_ratio": 0.7438044206296048,
    "used_pixels_after_depth_fill": 8958,
    "min_depth_m": 0.1,
    "max_depth_m": 2.0,
    "depth_scale": 0.0010000000474974513,
    "fx": 385.8294677734375,
    "fy": 385.38531494140625,
    "ppx": 326.5517883300781,
    "ppy": 244.87197875976562,
    "method": "all_mask_pixels_with_invalid_depth_filled_by_median_depth"
  },
  "frame": "RealSense D455 aligned color camera frame",
  "note": "Belum ditransformasikan ke base frame UR5."
}