{
  "pointcloud_path": "/home/b401/Documents/pick_place_occlusion_noetic/outputs/MO_OAI_IM_TYP_004/vision_output/masked_object_pointcloud_median_fill.ply",
  "clean_mask_path": null,
  "method": "median_fill_all_mask_pixels",
  "use_median_fill": true,
  "mask_pixels": 12700,
  "valid_depth_pixels": 4899,
  "zero_depth_pixels": 7368,
  "final_points": 12127,
  "median_depth_m": 0.3960000276565552,
  "mean_depth_m": 0.3967509865760803,
  "center_mean_camera_m": [
    0.062315134429884705,
    -0.07008435165811343,
    0.39603713162656845
  ],
  "center_median_camera_m": [
    0.06212934851646423,
    -0.07181603461503983,
    0.3960000276565552
  ],
  "frame": "RealSense D455 aligned color camera frame",
  "note": "Point cloud masih camera frame, belum base frame UR5."
}