{
  "object": "yellow lemon",
  "pixel_center_uv": [
    239,
    251
  ],
  "pixel_center_uv_mean": [
    238,
    250
  ],
  "median_depth_m": 0.39500001072883606,
  "mean_depth_m": 0.3992670774459839,
  "point_camera_m": [
    -0.09047204256057739,
    0.006115609779953957,
    0.39500001072883606
  ],
  "point_camera_mean_m": [
    -0.0905245840549469,
    0.005652002990245819,
    0.39839601516723633
  ],
  "debug": {
    "mask_pixels": 3540,
    "valid_depth_pixels": 2816,
    "valid_depth_ratio": 0.7954802259887006,
    "used_pixels_after_depth_fill": 3540,
    "min_depth_m": 0.1,
    "max_depth_m": 2.0,
    "depth_scale": 0.0010000000474974513,
    "fx": 385.724365234375,
    "fy": 385.28033447265625,
    "ppx": 326.5517883300781,
    "ppy": 244.87197875976562,
    "method": "all_mask_pixels_with_invalid_depth_filled_by_median_depth"
  },
  "frame": "RealSense D455 aligned color camera frame",
  "note": "Belum ditransformasikan ke base frame UR5."
}