{
  "pointcloud_path": "/home/b401/Documents/pick_place_occlusion_noetic/outputs/TC_07_OA_VLM/vision_output/masked_object_pointcloud_median_fill.ply",
  "clean_mask_path": null,
  "method": "median_fill_all_mask_pixels",
  "use_median_fill": true,
  "mask_pixels": 8275,
  "valid_depth_pixels": 6218,
  "zero_depth_pixels": 2057,
  "final_points": 8272,
  "median_depth_m": 0.37800002098083496,
  "mean_depth_m": 0.37904104590415955,
  "center_mean_camera_m": [
    0.024390245353131258,
    -0.03208596105111577,
    0.3786933200696854
  ],
  "center_median_camera_m": [
    0.02395862340927124,
    -0.032467320561409,
    0.37800002098083496
  ],
  "frame": "RealSense D455 aligned color camera frame",
  "note": "Point cloud masih camera frame, belum base frame UR5."
}