{
  "object": "green soda can",
  "pixel_center_uv": [
    243,
    206
  ],
  "pixel_center_uv_mean": [
    242,
    205
  ],
  "median_depth_m": 0.3100000023841858,
  "mean_depth_m": 0.34034836292266846,
  "point_camera_m": [
    -0.06797132641077042,
    -0.03128526732325554,
    0.3100000023841858
  ],
  "point_camera_mean_m": [
    -0.067841537296772,
    -0.03202075511217117,
    0.31175774335861206
  ],
  "debug": {
    "mask_pixels": 14961,
    "valid_depth_pixels": 844,
    "valid_depth_ratio": 0.05641334135418755,
    "used_pixels_after_depth_fill": 14961,
    "min_depth_m": 0.1,
    "max_depth_m": 2.0,
    "depth_scale": 0.0010000000474974513,
    "fx": 385.6192626953125,
    "fy": 385.17535400390625,
    "ppx": 326.5517883300781,
    "ppy": 244.87197875976562,
    "method": "all_mask_pixels_with_invalid_depth_filled_by_median_depth"
  },
  "frame": "RealSense D455 aligned color camera frame",
  "note": "Belum ditransformasikan ke base frame UR5."
}