{
  "object": "green soda can",
  "pixel_center_uv": [
    328,
    213
  ],
  "pixel_center_uv_mean": [
    328,
    212
  ],
  "median_depth_m": 0.42100003361701965,
  "mean_depth_m": 0.422444611787796,
  "point_camera_m": [
    0.001572717446833849,
    -0.035561684519052505,
    0.42100003361701965
  ],
  "point_camera_mean_m": [
    0.0016280466224998236,
    -0.03532489389181137,
    0.42219629883766174
  ],
  "debug": {
    "mask_pixels": 6518,
    "valid_depth_pixels": 5410,
    "valid_depth_ratio": 0.8300092052776925,
    "used_pixels_after_depth_fill": 6518,
    "min_depth_m": 0.1,
    "max_depth_m": 2.0,
    "depth_scale": 0.0010000000474974513,
    "fx": 385.8294677734375,
    "fy": 385.38531494140625,
    "ppx": 326.5517883300781,
    "ppy": 244.87197875976562,
    "method": "all_mask_pixels_with_invalid_depth_filled_by_median_depth"
  },
  "frame": "RealSense D455 aligned color camera frame",
  "note": "Belum ditransformasikan ke base frame UR5."
}