{
  "object": "clear water bottle",
  "pixel_center_uv": [
    370,
    187
  ],
  "pixel_center_uv_mean": [
    369,
    186
  ],
  "median_depth_m": 0.4620000123977661,
  "mean_depth_m": 0.4872957468032837,
  "point_camera_m": [
    0.052039943635463715,
    -0.06939584761857986,
    0.4620000123977661
  ],
  "point_camera_mean_m": [
    0.052551619708538055,
    -0.07159003615379333,
    0.47303178906440735
  ],
  "debug": {
    "mask_pixels": 9486,
    "valid_depth_pixels": 4146,
    "valid_depth_ratio": 0.4370651486401012,
    "used_pixels_after_depth_fill": 9486,
    "min_depth_m": 0.1,
    "max_depth_m": 2.0,
    "depth_scale": 0.0010000000474974513,
    "fx": 385.724365234375,
    "fy": 385.28033447265625,
    "ppx": 326.5517883300781,
    "ppy": 244.87197875976562,
    "method": "all_mask_pixels_with_invalid_depth_filled_by_median_depth"
  },
  "frame": "RealSense D455 aligned color camera frame",
  "note": "Belum ditransformasikan ke base frame UR5."
}