{
  "object": "red soda can",
  "pixel_center_uv": [
    261,
    210
  ],
  "pixel_center_uv_mean": [
    261,
    210
  ],
  "median_depth_m": 0.3920000195503235,
  "mean_depth_m": 0.394618958234787,
  "point_camera_m": [
    -0.06576938182115555,
    -0.035480182617902756,
    0.3920000195503235
  ],
  "point_camera_mean_m": [
    -0.06654880940914154,
    -0.03509147837758064,
    0.3941861391067505
  ],
  "debug": {
    "mask_pixels": 7689,
    "valid_depth_pixels": 6414,
    "valid_depth_ratio": 0.8341786968396411,
    "used_pixels_after_depth_fill": 7689,
    "min_depth_m": 0.1,
    "max_depth_m": 2.0,
    "depth_scale": 0.0010000000474974513,
    "fx": 385.724365234375,
    "fy": 385.28033447265625,
    "ppx": 326.5517883300781,
    "ppy": 244.87197875976562,
    "method": "all_mask_pixels_with_invalid_depth_filled_by_median_depth"
  },
  "frame": "RealSense D455 aligned color camera frame",
  "note": "Belum ditransformasikan ke base frame UR5."
}