{
  "object": "red soda can",
  "pixel_center_uv": [
    405,
    211
  ],
  "pixel_center_uv_mean": [
    405,
    210
  ],
  "median_depth_m": 0.4130000174045563,
  "mean_depth_m": 0.4142964482307434,
  "point_camera_m": [
    0.08383038640022278,
    -0.036924365907907486,
    0.4130000174045563
  ],
  "point_camera_mean_m": [
    0.08465362340211868,
    -0.03661302849650383,
    0.41408979892730713
  ],
  "debug": {
    "mask_pixels": 7011,
    "valid_depth_pixels": 5860,
    "valid_depth_ratio": 0.8358294109256882,
    "used_pixels_after_depth_fill": 7011,
    "min_depth_m": 0.1,
    "max_depth_m": 2.0,
    "depth_scale": 0.0010000000474974513,
    "fx": 385.724365234375,
    "fy": 385.28033447265625,
    "ppx": 326.5517883300781,
    "ppy": 244.87197875976562,
    "method": "all_mask_pixels_with_invalid_depth_filled_by_median_depth"
  },
  "frame": "RealSense D455 aligned color camera frame",
  "note": "Belum ditransformasikan ke base frame UR5."
}