{
  "pointcloud_path": "/home/b401/Documents/pick_place_occlusion_noetic/outputs/TC_01_OA_YOLO/vision_output/masked_object_pointcloud_median_fill.ply",
  "clean_mask_path": null,
  "method": "median_fill_all_mask_pixels",
  "use_median_fill": true,
  "mask_pixels": 5978,
  "valid_depth_pixels": 4613,
  "zero_depth_pixels": 1365,
  "final_points": 5690,
  "median_depth_m": 0.4020000100135803,
  "mean_depth_m": 0.40265271067619324,
  "center_mean_camera_m": [
    -0.013485339847370829,
    -0.025881060141231618,
    0.40232760827654485
  ],
  "center_median_camera_m": [
    -0.013097681570798159,
    -0.023686442524194717,
    0.4020000100135803
  ],
  "frame": "RealSense D455 aligned color camera frame",
  "note": "Point cloud masih camera frame, belum base frame UR5."
}