{
  "object": "blue water bottle",
  "pixel_center_uv": [
    290,
    172
  ],
  "pixel_center_uv_mean": [
    290,
    175
  ],
  "median_depth_m": 0.4440000355243683,
  "mean_depth_m": 0.4402765929698944,
  "point_camera_m": [
    -0.041764844208955765,
    -0.0842619389295578,
    0.4440000355243683
  ],
  "point_camera_mean_m": [
    -0.041757360100746155,
    -0.07958158105611801,
    0.4427248239517212
  ],
  "debug": {
    "mask_pixels": 7838,
    "valid_depth_pixels": 2730,
    "valid_depth_ratio": 0.348303138555754,
    "used_pixels_after_depth_fill": 7838,
    "min_depth_m": 0.1,
    "max_depth_m": 2.0,
    "depth_scale": 0.0010000000474974513,
    "fx": 385.724365234375,
    "fy": 385.28033447265625,
    "ppx": 326.5517883300781,
    "ppy": 244.87197875976562,
    "method": "all_mask_pixels_with_invalid_depth_filled_by_median_depth"
  },
  "frame": "RealSense D455 aligned color camera frame",
  "note": "Belum ditransformasikan ke base frame UR5."
}