{
  "success": true,
  "method": "graspnet_baseline_d455",
  "best_grasp": {
    "score": 0.3933963477611542,
    "translation_camera": [
      -0.024907611310482025,
      -0.08087582886219025,
      0.3760000169277191
    ],
    "rotation_matrix_camera": [
      [
        0.6660667061805725,
        -0.7401613593101501,
        -0.09228425472974777
      ],
      [
        -0.06173091381788254,
        0.0685979425907135,
        -0.9957327246665955
      ],
      [
        0.7433333396911621,
        0.6689212322235107,
        -2.9239474841347146e-08
      ]
    ],
    "width": 0.08121943473815918,
    "height": 0.019999999552965164,
    "depth": 0.029999999329447746,
    "object_id": -1,
    "frame": "RealSense D455 aligned color camera frame",
    "rank": 0,
    "distance_to_object_center": 0.05150082692255349
  },
  "object_center_camera": [
    -0.028883384626632685,
    -0.029772713028328533,
    0.38100001215934753
  ],
  "frame": "RealSense D455 aligned color camera frame",
  "note": "Masih camera frame. Perlu transform camera-to-base sebelum eksekusi UR5.",
  "meta": {
    "object_center_camera": [
      -0.028883384626632685,
      -0.029772713028328533,
      0.38100001215934753
    ],
    "num_mask_points": 9799,
    "num_workspace_points": 6239,
    "num_cloud_masked": 6239,
    "rgb_path": "/home/b401/Documents/pick_place_occlusion_noetic/data/d455_capture/current_scene_rgb.jpg",
    "depth_path": "/home/b401/Documents/pick_place_occlusion_noetic/data/d455_capture/depth_raw.npy",
    "intrinsics_path": "/home/b401/Documents/pick_place_occlusion_noetic/data/d455_capture/camera_intrinsics.json",
    "mask_path": "/home/b401/Documents/pick_place_occlusion_noetic/outputs/TC_12_GMN_VLM/vision_output/fastsam_mask.png",
    "intrinsics": {
      "width": 640,
      "height": 480,
      "fx": 385.724365234375,
      "fy": 385.28033447265625,
      "ppx": 326.5517883300781,
      "ppy": 244.87197875976562,
      "depth_scale": 0.0010000000474974513
    },
    "depth_scale": 0.0010000000474974513,
    "factor_depth": 999.999952502551,
    "frame": "RealSense D455 aligned color camera frame"
  }
}