{
  "object": "red soda can",
  "pixel_center_uv": [
    299,
    212
  ],
  "pixel_center_uv_mean": [
    298,
    212
  ],
  "median_depth_m": 0.3850000202655792,
  "mean_depth_m": 0.38650867342948914,
  "point_camera_m": [
    -0.02760719135403633,
    -0.033495672047138214,
    0.3850000202655792
  ],
  "point_camera_mean_m": [
    -0.02797636017203331,
    -0.032800909131765366,
    0.38614219427108765
  ],
  "debug": {
    "mask_pixels": 8014,
    "valid_depth_pixels": 6065,
    "valid_depth_ratio": 0.7568005989518343,
    "used_pixels_after_depth_fill": 8014,
    "min_depth_m": 0.1,
    "max_depth_m": 2.0,
    "depth_scale": 0.0010000000474974513,
    "fx": 385.724365234375,
    "fy": 385.28033447265625,
    "ppx": 326.5517883300781,
    "ppy": 244.87197875976562,
    "method": "all_mask_pixels_with_invalid_depth_filled_by_median_depth"
  },
  "frame": "RealSense D455 aligned color camera frame",
  "note": "Belum ditransformasikan ke base frame UR5."
}