{
  "success": true,
  "method": "graspnet_baseline_d455",
  "best_grasp": {
    "score": 0.34738674759864807,
    "translation_camera": [
      0.011130910366773605,
      -0.06434037536382675,
      0.3450000286102295
    ],
    "rotation_matrix_camera": [
      [
        0.9810783267021179,
        -0.00981128215789795,
        -0.19336247444152832
      ],
      [
        -0.1933528035879135,
        0.0019335818942636251,
        -0.9811273813247681
      ],
      [
        0.009999999776482582,
        0.9999499917030334,
        -4.3709203367825467e-08
      ]
    ],
    "width": 0.0684523954987526,
    "height": 0.019999999552965164,
    "depth": 0.019999999552965164,
    "object_id": -1,
    "frame": "RealSense D455 aligned color camera frame",
    "rank": 0,
    "distance_to_object_center": 0.04571975072983579
  },
  "object_center_camera": [
    0.030686363896110902,
    -0.02545747572768118,
    0.33100003004074097
  ],
  "frame": "RealSense D455 aligned color camera frame",
  "note": "Masih camera frame. Perlu transform camera-to-base sebelum eksekusi UR5.",
  "meta": {
    "object_center_camera": [
      0.030686363896110902,
      -0.02545747572768118,
      0.33100003004074097
    ],
    "num_mask_points": 12346,
    "num_workspace_points": 7758,
    "num_cloud_masked": 7758,
    "rgb_path": "/home/b401/Documents/pick_place_occlusion_noetic/data/d455_capture/current_scene_rgb.jpg",
    "depth_path": "/home/b401/Documents/pick_place_occlusion_noetic/data/d455_capture/depth_raw.npy",
    "intrinsics_path": "/home/b401/Documents/pick_place_occlusion_noetic/data/d455_capture/camera_intrinsics.json",
    "mask_path": "/home/b401/Documents/pick_place_occlusion_noetic/outputs/MO_OAI_IM_TYP_003/vision_output/fastsam_mask.png",
    "intrinsics": {
      "width": 640,
      "height": 480,
      "fx": 385.8294677734375,
      "fy": 385.38531494140625,
      "ppx": 326.5517883300781,
      "ppy": 244.87197875976562,
      "depth_scale": 0.0010000000474974513
    },
    "depth_scale": 0.0010000000474974513,
    "factor_depth": 999.999952502551,
    "frame": "RealSense D455 aligned color camera frame"
  }
}