{
  "success": true,
  "frame": "base",
  "target_link": "tool0",
  "source_target": "gripper_tip",
  "active_test_name": "clear_coca_local",
  "translation_tool0_pregrasp": [
    -0.6157815628562637,
    0.4079460324697005,
    0.4195040518849239
  ],
  "quaternion_tool0_xyzw": [
    -0.28340175782789895,
    0.6661598976406625,
    0.6411123643592581,
    -0.25473392137899675
  ],
  "rpy_tool0_rad": [
    1.619,
    0.024,
    -2.36
  ],
  "orientation_source": "fixed_rpy",
  "gripper_tip_grasp_base": [
    -0.6802527668217211,
    0.48860907648267904,
    0.28131495959297315
  ],
  "gripper_tip_pregrasp_base": [
    -0.6802527668217211,
    0.48860907648267904,
    0.41131495959297315
  ],
  "tool0_to_gripper_tip_offset_tool_frame": [
    0.0,
    0.0,
    0.17
  ],
  "pregrasp_z_m": 0.13,
  "score": 0.5755649209022522,
  "width": 0.0788596048951149,
  "depth": 0.029999999329447746,
  "height": 0.019999999552965164,
  "source_file": "/home/b401/Documents/pick_place_occlusion_noetic/outputs/clear_coca/vision_output/best_grasp_base.json",
  "note": "Kirim translation_tool0_pregrasp + quaternion_tool0_xyzw ke MoveIt sebagai target tool0. Jangan kirim gripper_tip_grasp_base langsung ke MoveIt.",
  "manual_nudge_base_m": {
    "dx": -0.055,
    "dy": 0.04,
    "dz": 0.0
  },
  "manual_nudge_history": [
    {
      "from": [
        -0.5607815628562637,
        0.36794603246970053,
        0.4195040518849239
      ],
      "to": [
        -0.6157815628562637,
        0.4079460324697005,
        0.4195040518849239
      ],
      "dx": -0.055,
      "dy": 0.04,
      "dz": 0.0,
      "frame": "base"
    }
  ],
  "note_nudge": "translation_tool0_pregrasp digeser manual dalam frame base. dx/dy/dz satuannya meter."
}