{
  "success": true,
  "method": "graspnet_baseline_d455",
  "best_grasp": {
    "score": 0.6551521420478821,
    "translation_camera": [
      -0.11731936782598495,
      -0.1573459357023239,
      0.6070000529289246
    ],
    "rotation_matrix_camera": [
      [
        0.4980229139328003,
        0.6123030185699463,
        -0.6140506863594055
      ],
      [
        -0.3856969475746155,
        0.790623128414154,
        0.4755553603172302
      ],
      [
        0.7766667008399963,
        0.0,
        0.6299118399620056
      ]
    ],
    "width": 0.08295938372612,
    "height": 0.019999999552965164,
    "depth": 0.029999999329447746,
    "object_id": -1,
    "frame": "RealSense D455 aligned color camera frame",
    "rank": 0,
    "distance_to_object_center": 0.09418392290742979
  },
  "object_center_camera": [
    -0.09274795545170574,
    -0.06651170777410362,
    0.6110000610351562
  ],
  "frame": "RealSense D455 aligned color camera frame",
  "note": "Masih camera frame. Perlu transform camera-to-base sebelum eksekusi UR5.",
  "meta": {
    "object_center_camera": [
      -0.09274795545170574,
      -0.06651170777410362,
      0.6110000610351562
    ],
    "num_mask_points": 8749,
    "num_workspace_points": 7757,
    "num_cloud_masked": 7757,
    "rgb_path": "/home/b401/Documents/pick_place_occlusion_noetic/data/d455_capture/current_scene_rgb.jpg",
    "depth_path": "/home/b401/Documents/pick_place_occlusion_noetic/data/d455_capture/depth_raw.npy",
    "intrinsics_path": "/home/b401/Documents/pick_place_occlusion_noetic/data/d455_capture/camera_intrinsics.json",
    "mask_path": "/home/b401/Documents/pick_place_occlusion_noetic/outputs/IND_TC_08_GMN/vision_output/fastsam_mask.png",
    "intrinsics": {
      "width": 640,
      "height": 480,
      "fx": 385.724365234375,
      "fy": 385.28033447265625,
      "ppx": 326.5517883300781,
      "ppy": 244.87197875976562,
      "depth_scale": 0.0010000000474974513
    },
    "depth_scale": 0.0010000000474974513,
    "factor_depth": 999.999952502551,
    "frame": "RealSense D455 aligned color camera frame"
  }
}