{
  "object": "red soda can",
  "pixel_center_uv": [
    268,
    211
  ],
  "pixel_center_uv_mean": [
    267,
    210
  ],
  "median_depth_m": 0.6110000014305115,
  "mean_depth_m": 0.6103219985961914,
  "point_camera_m": [
    -0.09274794906377792,
    -0.053804077208042145,
    0.6110000014305115
  ],
  "point_camera_mean_m": [
    -0.09293356537818909,
    -0.05363036319613457,
    0.610396146774292
  ],
  "debug": {
    "mask_pixels": 7913,
    "valid_depth_pixels": 7109,
    "valid_depth_ratio": 0.898395046126627,
    "used_pixels_after_depth_fill": 7913,
    "min_depth_m": 0.1,
    "max_depth_m": 2.0,
    "depth_scale": 0.0010000000474974513,
    "fx": 385.724365234375,
    "fy": 385.28033447265625,
    "ppx": 326.5517883300781,
    "ppy": 244.87197875976562,
    "method": "all_mask_pixels_with_invalid_depth_filled_by_median_depth"
  },
  "frame": "RealSense D455 aligned color camera frame",
  "note": "Belum ditransformasikan ke base frame UR5."
}