{
  "object": "green soda can",
  "pixel_center_uv": [
    279,
    209
  ],
  "pixel_center_uv_mean": [
    279,
    209
  ],
  "median_depth_m": 0.3660000264644623,
  "mean_depth_m": 0.36728909611701965,
  "point_camera_m": [
    -0.044738154858350754,
    -0.03378833457827568,
    0.3660000264644623
  ],
  "point_camera_mean_m": [
    -0.04498812183737755,
    -0.03362701088190079,
    0.36696141958236694
  ],
  "debug": {
    "mask_pixels": 8618,
    "valid_depth_pixels": 6424,
    "valid_depth_ratio": 0.7454165699698306,
    "used_pixels_after_depth_fill": 8618,
    "min_depth_m": 0.1,
    "max_depth_m": 2.0,
    "depth_scale": 0.0010000000474974513,
    "fx": 385.8294677734375,
    "fy": 385.38531494140625,
    "ppx": 326.5517883300781,
    "ppy": 244.87197875976562,
    "method": "all_mask_pixels_with_invalid_depth_filled_by_median_depth"
  },
  "frame": "RealSense D455 aligned color camera frame",
  "note": "Belum ditransformasikan ke base frame UR5."
}