{
  "pointcloud_path": "/home/b401/Documents/pick_place_occlusion_noetic/outputs/TC_08_GMN_YOLO/vision_output/masked_object_pointcloud_median_fill.ply",
  "clean_mask_path": null,
  "method": "median_fill_all_mask_pixels",
  "use_median_fill": true,
  "mask_pixels": 7801,
  "valid_depth_pixels": 5943,
  "zero_depth_pixels": 1858,
  "final_points": 7452,
  "median_depth_m": 0.39100003242492676,
  "mean_depth_m": 0.39391690492630005,
  "center_mean_camera_m": [
    -0.07105391273815914,
    -0.03523726772843396,
    0.3917824965464256
  ],
  "center_median_camera_m": [
    -0.0708044096827507,
    -0.035625653341412544,
    0.39100003242492676
  ],
  "frame": "RealSense D455 aligned color camera frame",
  "note": "Point cloud masih camera frame, belum base frame UR5."
}