{
  "pointcloud_path": "/home/b401/Documents/pick_place_occlusion_noetic/outputs/water_2steps_001/vision_output/masked_object_pointcloud_median_fill.ply",
  "clean_mask_path": null,
  "method": "median_fill_all_mask_pixels",
  "use_median_fill": true,
  "mask_pixels": 3877,
  "valid_depth_pixels": 3122,
  "zero_depth_pixels": 755,
  "final_points": 3825,
  "median_depth_m": 0.4780000150203705,
  "mean_depth_m": 0.4829900860786438,
  "center_mean_camera_m": [
    -0.15081943646755094,
    0.007705187082923705,
    0.48057126549334306
  ],
  "center_median_camera_m": [
    -0.15119284391403198,
    0.007537086494266987,
    0.4780000150203705
  ],
  "frame": "RealSense D455 aligned color camera frame",
  "note": "Point cloud masih camera frame, belum base frame UR5."
}