{
  "object": "blue water bottle",
  "pixel_center_uv": [
    359,
    135
  ],
  "pixel_center_uv_mean": [
    356,
    155
  ],
  "median_depth_m": 0.44200003147125244,
  "mean_depth_m": 0.4454406201839447,
  "point_camera_m": [
    0.0371822789311409,
    -0.12489975243806839,
    0.44200003147125244
  ],
  "point_camera_mean_m": [
    0.03404580056667328,
    -0.10261880606412888,
    0.4431719481945038
  ],
  "debug": {
    "mask_pixels": 4928,
    "valid_depth_pixels": 1675,
    "valid_depth_ratio": 0.3398944805194805,
    "used_pixels_after_depth_fill": 4928,
    "min_depth_m": 0.1,
    "max_depth_m": 2.0,
    "depth_scale": 0.0010000000474974513,
    "fx": 385.724365234375,
    "fy": 385.28033447265625,
    "ppx": 326.5517883300781,
    "ppy": 244.87197875976562,
    "method": "all_mask_pixels_with_invalid_depth_filled_by_median_depth"
  },
  "frame": "RealSense D455 aligned color camera frame",
  "note": "Belum ditransformasikan ke base frame UR5."
}