{
  "object": "green soda can",
  "pixel_center_uv": [
    252,
    203
  ],
  "pixel_center_uv_mean": [
    252,
    205
  ],
  "median_depth_m": 0.4300000071525574,
  "mean_depth_m": 0.42871370911598206,
  "point_camera_m": [
    -0.08308663219213486,
    -0.046719349920749664,
    0.4300000071525574
  ],
  "point_camera_mean_m": [
    -0.08288367837667465,
    -0.044051773846149445,
    0.42920082807540894
  ],
  "debug": {
    "mask_pixels": 2658,
    "valid_depth_pixels": 1652,
    "valid_depth_ratio": 0.6215199398043642,
    "used_pixels_after_depth_fill": 2658,
    "min_depth_m": 0.1,
    "max_depth_m": 2.0,
    "depth_scale": 0.0010000000474974513,
    "fx": 385.8294677734375,
    "fy": 385.38531494140625,
    "ppx": 326.5517883300781,
    "ppy": 244.87197875976562,
    "method": "all_mask_pixels_with_invalid_depth_filled_by_median_depth"
  },
  "frame": "RealSense D455 aligned color camera frame",
  "note": "Belum ditransformasikan ke base frame UR5."
}