{
  "pointcloud_path": "/home/b401/Documents/pick_place_occlusion_noetic/outputs/water_002/vision_output/masked_object_pointcloud_median_fill.ply",
  "clean_mask_path": null,
  "method": "median_fill_all_mask_pixels",
  "use_median_fill": true,
  "mask_pixels": 7483,
  "valid_depth_pixels": 6006,
  "zero_depth_pixels": 1458,
  "final_points": 7169,
  "median_depth_m": 0.4050000309944153,
  "mean_depth_m": 0.406455397605896,
  "center_mean_camera_m": [
    -0.0076234596083046245,
    -0.0371897107827409,
    0.4059244177841645
  ],
  "center_median_camera_m": [
    -0.00786829274147749,
    -0.03779081255197525,
    0.4050000309944153
  ],
  "frame": "RealSense D455 aligned color camera frame",
  "note": "Point cloud masih camera frame, belum base frame UR5."
}