{
  "pointcloud_path": "/home/b401/Documents/pick_place_occlusion_noetic/outputs/single_3steps_water_001/vision_output/masked_object_pointcloud_median_fill.ply",
  "clean_mask_path": null,
  "method": "median_fill_all_mask_pixels",
  "use_median_fill": true,
  "mask_pixels": 9307,
  "valid_depth_pixels": 7228,
  "zero_depth_pixels": 2079,
  "final_points": 8908,
  "median_depth_m": 0.35500001907348633,
  "mean_depth_m": 0.35670632123947144,
  "center_mean_camera_m": [
    -0.05652259998872448,
    -0.03469197348502815,
    0.35616930283783366
  ],
  "center_median_camera_m": [
    -0.05648938938975334,
    -0.034698911011219025,
    0.35500001907348633
  ],
  "frame": "RealSense D455 aligned color camera frame",
  "note": "Point cloud masih camera frame, belum base frame UR5."
}