{
  "object": "brown bottle",
  "pixel_center_uv": [
    286,
    214
  ],
  "pixel_center_uv_mean": [
    286,
    211
  ],
  "median_depth_m": 0.3070000112056732,
  "mean_depth_m": 0.3222443461418152,
  "point_camera_m": [
    -0.032275378704071045,
    -0.024599483236670494,
    0.3070000112056732
  ],
  "point_camera_mean_m": [
    -0.031975097954273224,
    -0.02722463198006153,
    0.3079544007778168
  ],
  "debug": {
    "mask_pixels": 12107,
    "valid_depth_pixels": 794,
    "valid_depth_ratio": 0.06558189477161973,
    "used_pixels_after_depth_fill": 12107,
    "min_depth_m": 0.1,
    "max_depth_m": 2.0,
    "depth_scale": 0.0010000000474974513,
    "fx": 385.724365234375,
    "fy": 385.28033447265625,
    "ppx": 326.5517883300781,
    "ppy": 244.87197875976562,
    "method": "all_mask_pixels_with_invalid_depth_filled_by_median_depth"
  },
  "frame": "RealSense D455 aligned color camera frame",
  "note": "Belum ditransformasikan ke base frame UR5."
}