{
  "success": true,
  "method": "graspnet_baseline_d455",
  "best_grasp": {
    "score": 0.40886467695236206,
    "translation_camera": [
      -0.03699641674757004,
      -0.07105182111263275,
      0.36100003123283386
    ],
    "rotation_matrix_camera": [
      [
        0.6660667061805725,
        -0.2901601493358612,
        -0.687140703201294
      ],
      [
        -0.06173091381788254,
        0.8966288566589355,
        -0.43845877051353455
      ],
      [
        0.7433333396911621,
        0.33446061611175537,
        0.5793027877807617
      ]
    ],
    "width": 0.07924862951040268,
    "height": 0.019999999552965164,
    "depth": 0.029999999329447746,
    "object_id": -1,
    "frame": "RealSense D455 aligned color camera frame",
    "rank": 0,
    "distance_to_object_center": 0.044981672362791957
  },
  "object_center_camera": [
    -0.016872491889096525,
    -0.03184240340766574,
    0.35200002789497375
  ],
  "frame": "RealSense D455 aligned color camera frame",
  "note": "Masih camera frame. Perlu transform camera-to-base sebelum eksekusi UR5.",
  "meta": {
    "object_center_camera": [
      -0.016872491889096525,
      -0.03184240340766574,
      0.35200002789497375
    ],
    "num_mask_points": 11287,
    "num_workspace_points": 7196,
    "num_cloud_masked": 7196,
    "rgb_path": "/home/b401/Documents/pick_place_occlusion_noetic/data/d455_capture/current_scene_rgb.jpg",
    "depth_path": "/home/b401/Documents/pick_place_occlusion_noetic/data/d455_capture/depth_raw.npy",
    "intrinsics_path": "/home/b401/Documents/pick_place_occlusion_noetic/data/d455_capture/camera_intrinsics.json",
    "mask_path": "/home/b401/Documents/pick_place_occlusion_noetic/outputs/sprite_single_002/vision_output/fastsam_mask.png",
    "intrinsics": {
      "width": 640,
      "height": 480,
      "fx": 385.9345703125,
      "fy": 385.49029541015625,
      "ppx": 326.5517883300781,
      "ppy": 244.87197875976562,
      "depth_scale": 0.0010000000474974513
    },
    "depth_scale": 0.0010000000474974513,
    "factor_depth": 999.999952502551,
    "frame": "RealSense D455 aligned color camera frame"
  }
}