{
  "pointcloud_path": "/home/b401/Documents/pick_place_occlusion_noetic/outputs/sprite_single_002/vision_output/masked_object_pointcloud_median_fill.ply",
  "clean_mask_path": null,
  "method": "median_fill_all_mask_pixels",
  "use_median_fill": true,
  "mask_pixels": 9423,
  "valid_depth_pixels": 6879,
  "zero_depth_pixels": 2544,
  "final_points": 9411,
  "median_depth_m": 0.35200002789497375,
  "mean_depth_m": 0.352560430765152,
  "center_mean_camera_m": [
    -0.012647683936120863,
    -0.03281595070741375,
    0.35211265311650547
  ],
  "center_median_camera_m": [
    -0.012360203079879284,
    -0.03284858167171478,
    0.35200002789497375
  ],
  "frame": "RealSense D455 aligned color camera frame",
  "note": "Point cloud masih camera frame, belum base frame UR5."
}