{
  "pointcloud_path": "/home/b401/Documents/pick_place_occlusion_noetic/outputs/TC_04_GMN_YOLO/vision_output/masked_object_pointcloud_median_fill.ply",
  "clean_mask_path": null,
  "method": "median_fill_all_mask_pixels",
  "use_median_fill": true,
  "mask_pixels": 7707,
  "valid_depth_pixels": 5952,
  "zero_depth_pixels": 1755,
  "final_points": 7681,
  "median_depth_m": 0.39000001549720764,
  "mean_depth_m": 0.39657410979270935,
  "center_mean_camera_m": [
    -0.0995507579145992,
    -0.032612471251456124,
    0.39196343406648815
  ],
  "center_median_camera_m": [
    -0.09863312542438507,
    -0.03325510025024414,
    0.39000001549720764
  ],
  "frame": "RealSense D455 aligned color camera frame",
  "note": "Point cloud masih camera frame, belum base frame UR5."
}