{
  "object": "green soda can",
  "pixel_center_uv": [
    228,
    212
  ],
  "pixel_center_uv_mean": [
    228,
    212
  ],
  "median_depth_m": 0.39000001549720764,
  "mean_depth_m": 0.39657410979270935,
  "point_camera_m": [
    -0.09887772053480148,
    -0.03310402110219002,
    0.39000001549720764
  ],
  "point_camera_mean_m": [
    -0.10027356445789337,
    -0.032483749091625214,
    0.3950680196285248
  ],
  "debug": {
    "mask_pixels": 7707,
    "valid_depth_pixels": 5952,
    "valid_depth_ratio": 0.7722849357726742,
    "used_pixels_after_depth_fill": 7707,
    "min_depth_m": 0.1,
    "max_depth_m": 2.0,
    "depth_scale": 0.0010000000474974513,
    "fx": 385.724365234375,
    "fy": 385.28033447265625,
    "ppx": 326.5517883300781,
    "ppy": 244.87197875976562,
    "method": "all_mask_pixels_with_invalid_depth_filled_by_median_depth"
  },
  "frame": "RealSense D455 aligned color camera frame",
  "note": "Belum ditransformasikan ke base frame UR5."
}