{
  "pointcloud_path": "/home/b401/Documents/pick_place_occlusion_noetic/outputs/clear_coffe/vision_output/masked_object_pointcloud_median_fill.ply",
  "clean_mask_path": null,
  "method": "median_fill_all_mask_pixels",
  "use_median_fill": true,
  "mask_pixels": 7234,
  "valid_depth_pixels": 6084,
  "zero_depth_pixels": 1150,
  "final_points": 7217,
  "median_depth_m": 0.36500000953674316,
  "mean_depth_m": 0.3662557601928711,
  "center_mean_camera_m": [
    0.07714187595216425,
    -0.030408940380331935,
    0.36585438695412453
  ],
  "center_median_camera_m": [
    0.07673590630292892,
    -0.02822204865515232,
    0.36500000953674316
  ],
  "frame": "RealSense D455 aligned color camera frame",
  "note": "Point cloud masih camera frame, belum base frame UR5."
}