{
  "object": "brown bottle",
  "pixel_center_uv": [
    337,
    213
  ],
  "pixel_center_uv_mean": [
    336,
    210
  ],
  "median_depth_m": 0.3020000159740448,
  "mean_depth_m": 0.4586498439311981,
  "point_camera_m": [
    0.008178120478987694,
    -0.024975882843136787,
    0.3020000159740448
  ],
  "point_camera_mean_m": [
    0.008816801942884922,
    -0.029042795300483704,
    0.31097161769866943
  ],
  "debug": {
    "mask_pixels": 12417,
    "valid_depth_pixels": 711,
    "valid_depth_ratio": 0.05726020777965692,
    "used_pixels_after_depth_fill": 12417,
    "min_depth_m": 0.1,
    "max_depth_m": 2.0,
    "depth_scale": 0.0010000000474974513,
    "fx": 385.8294677734375,
    "fy": 385.38531494140625,
    "ppx": 326.5517883300781,
    "ppy": 244.87197875976562,
    "method": "all_mask_pixels_with_invalid_depth_filled_by_median_depth"
  },
  "frame": "RealSense D455 aligned color camera frame",
  "note": "Belum ditransformasikan ke base frame UR5."
}