{
  "success": true,
  "method": "graspnet_baseline_d455",
  "best_grasp": {
    "score": 0.2561860978603363,
    "translation_camera": [
      0.021342236548662186,
      -0.04972061514854431,
      0.30000001192092896
    ],
    "rotation_matrix_camera": [
      [
        -0.34101662039756775,
        0.6214070320129395,
        -0.7053799033164978
      ],
      [
        -0.33935707807540894,
        0.6183831095695496,
        0.708829402923584
      ],
      [
        0.8766666650772095,
        0.4810982644557953,
        -2.102947327387028e-08
      ]
    ],
    "width": 0.07854035496711731,
    "height": 0.019999999552965164,
    "depth": 0.029999999329447746,
    "object_id": -1,
    "frame": "RealSense D455 aligned color camera frame",
    "rank": 0,
    "distance_to_object_center": 0.05679745613510911
  },
  "object_center_camera": [
    0.017338028807075963,
    -0.10629726420004271,
    0.3030000329017639
  ],
  "frame": "RealSense D455 aligned color camera frame",
  "note": "Masih camera frame. Perlu transform camera-to-base sebelum eksekusi UR5.",
  "meta": {
    "object_center_camera": [
      0.017338028807075963,
      -0.10629726420004271,
      0.3030000329017639
    ],
    "num_mask_points": 14788,
    "num_workspace_points": 840,
    "num_cloud_masked": 840,
    "rgb_path": "/home/b401/Documents/pick_place_occlusion_noetic/data/d455_capture/current_scene_rgb.jpg",
    "depth_path": "/home/b401/Documents/pick_place_occlusion_noetic/data/d455_capture/depth_raw.npy",
    "intrinsics_path": "/home/b401/Documents/pick_place_occlusion_noetic/data/d455_capture/camera_intrinsics.json",
    "mask_path": "/home/b401/Documents/pick_place_occlusion_noetic/outputs/sprite_2steps_007/vision_output/fastsam_mask.png",
    "intrinsics": {
      "width": 640,
      "height": 480,
      "fx": 385.8294677734375,
      "fy": 385.38531494140625,
      "ppx": 326.5517883300781,
      "ppy": 244.87197875976562,
      "depth_scale": 0.0010000000474974513
    },
    "depth_scale": 0.0010000000474974513,
    "factor_depth": 999.999952502551,
    "frame": "RealSense D455 aligned color camera frame"
  }
}