{
  "object": "green soda can",
  "pixel_center_uv": [
    233,
    213
  ],
  "pixel_center_uv_mean": [
    232,
    213
  ],
  "median_depth_m": 0.3920000195503235,
  "mean_depth_m": 0.39348840713500977,
  "point_camera_m": [
    -0.09486448764801025,
    -0.03292420506477356,
    0.3920000195503235
  ],
  "point_camera_mean_m": [
    -0.09557077288627625,
    -0.03232516348361969,
    0.3931143879890442
  ],
  "debug": {
    "mask_pixels": 7704,
    "valid_depth_pixels": 5768,
    "valid_depth_ratio": 0.7487019730010385,
    "used_pixels_after_depth_fill": 7704,
    "min_depth_m": 0.1,
    "max_depth_m": 2.0,
    "depth_scale": 0.0010000000474974513,
    "fx": 385.724365234375,
    "fy": 385.28033447265625,
    "ppx": 326.5517883300781,
    "ppy": 244.87197875976562,
    "method": "all_mask_pixels_with_invalid_depth_filled_by_median_depth"
  },
  "frame": "RealSense D455 aligned color camera frame",
  "note": "Belum ditransformasikan ke base frame UR5."
}