{
  "pointcloud_path": "/home/b401/Documents/pick_place_occlusion_noetic/outputs/TC_08_OA_VLM/vision_output/masked_object_pointcloud_median_fill.ply",
  "clean_mask_path": null,
  "method": "median_fill_all_mask_pixels",
  "use_median_fill": true,
  "mask_pixels": 8041,
  "valid_depth_pixels": 6032,
  "zero_depth_pixels": 2009,
  "final_points": 8028,
  "median_depth_m": 0.38100001215934753,
  "mean_depth_m": 0.3828184902667999,
  "center_mean_camera_m": [
    0.015122842277599963,
    -0.03284298892563738,
    0.38200337875227935
  ],
  "center_median_camera_m": [
    0.015098802745342255,
    -0.033144012093544006,
    0.38100001215934753
  ],
  "frame": "RealSense D455 aligned color camera frame",
  "note": "Point cloud masih camera frame, belum base frame UR5."
}