{
  "object": "green soda can",
  "pixel_center_uv": [
    317,
    209
  ],
  "pixel_center_uv_mean": [
    316,
    209
  ],
  "median_depth_m": 0.3530000150203705,
  "mean_depth_m": 0.35417598485946655,
  "point_camera_m": [
    -0.008741427212953568,
    -0.032587163150310516,
    0.3530000150203705
  ],
  "point_camera_mean_m": [
    -0.009145996533334255,
    -0.03198990598320961,
    0.3538050949573517
  ],
  "debug": {
    "mask_pixels": 10188,
    "valid_depth_pixels": 6909,
    "valid_depth_ratio": 0.678150765606596,
    "used_pixels_after_depth_fill": 10188,
    "min_depth_m": 0.1,
    "max_depth_m": 2.0,
    "depth_scale": 0.0010000000474974513,
    "fx": 385.724365234375,
    "fy": 385.28033447265625,
    "ppx": 326.5517883300781,
    "ppy": 244.87197875976562,
    "method": "all_mask_pixels_with_invalid_depth_filled_by_median_depth"
  },
  "frame": "RealSense D455 aligned color camera frame",
  "note": "Belum ditransformasikan ke base frame UR5."
}