{
  "object": "green soda can",
  "pixel_center_uv": [
    303,
    210
  ],
  "pixel_center_uv_mean": [
    303,
    210
  ],
  "median_depth_m": 0.34800001978874207,
  "mean_depth_m": 0.34918829798698425,
  "point_camera_m": [
    -0.02087635174393654,
    -0.03148913383483887,
    0.34800001978874207
  ],
  "point_camera_mean_m": [
    -0.020867444574832916,
    -0.031383808702230453,
    0.34885790944099426
  ],
  "debug": {
    "mask_pixels": 9514,
    "valid_depth_pixels": 6942,
    "valid_depth_ratio": 0.7296615513979399,
    "used_pixels_after_depth_fill": 9514,
    "min_depth_m": 0.1,
    "max_depth_m": 2.0,
    "depth_scale": 0.0010000000474974513,
    "fx": 385.8294677734375,
    "fy": 385.38531494140625,
    "ppx": 326.5517883300781,
    "ppy": 244.87197875976562,
    "method": "all_mask_pixels_with_invalid_depth_filled_by_median_depth"
  },
  "frame": "RealSense D455 aligned color camera frame",
  "note": "Belum ditransformasikan ke base frame UR5."
}