{
  "object": "black soda can",
  "pixel_center_uv": [
    310,
    213
  ],
  "pixel_center_uv_mean": [
    309,
    212
  ],
  "median_depth_m": 0.39000001549720764,
  "mean_depth_m": 0.38960787653923035,
  "point_camera_m": [
    -0.016966648399829865,
    -0.03188146650791168,
    0.39000001549720764
  ],
  "point_camera_mean_m": [
    -0.017179833725094795,
    -0.033047664910554886,
    0.38969898223876953
  ],
  "debug": {
    "mask_pixels": 8096,
    "valid_depth_pixels": 5796,
    "valid_depth_ratio": 0.7159090909090909,
    "used_pixels_after_depth_fill": 8096,
    "min_depth_m": 0.1,
    "max_depth_m": 2.0,
    "depth_scale": 0.0010000000474974513,
    "fx": 385.8294677734375,
    "fy": 385.38531494140625,
    "ppx": 326.5517883300781,
    "ppy": 244.87197875976562,
    "method": "all_mask_pixels_with_invalid_depth_filled_by_median_depth"
  },
  "frame": "RealSense D455 aligned color camera frame",
  "note": "Belum ditransformasikan ke base frame UR5."
}