{
  "object": "green soda can",
  "pixel_center_uv": [
    351,
    212
  ],
  "pixel_center_uv_mean": [
    351,
    212
  ],
  "median_depth_m": 0.6070000529289246,
  "mean_depth_m": 0.6062954068183899,
  "point_camera_m": [
    0.038663383573293686,
    -0.05213030055165291,
    0.6070000529289246
  ],
  "point_camera_mean_m": [
    0.03909669816493988,
    -0.05156156048178673,
    0.6063401699066162
  ],
  "debug": {
    "mask_pixels": 8275,
    "valid_depth_pixels": 7401,
    "valid_depth_ratio": 0.8943806646525679,
    "used_pixels_after_depth_fill": 8275,
    "min_depth_m": 0.1,
    "max_depth_m": 2.0,
    "depth_scale": 0.0010000000474974513,
    "fx": 385.724365234375,
    "fy": 385.28033447265625,
    "ppx": 326.5517883300781,
    "ppy": 244.87197875976562,
    "method": "all_mask_pixels_with_invalid_depth_filled_by_median_depth"
  },
  "frame": "RealSense D455 aligned color camera frame",
  "note": "Belum ditransformasikan ke base frame UR5."
}