{
  "object": "red soda can",
  "pixel_center_uv": [
    362,
    214
  ],
  "pixel_center_uv_mean": [
    362,
    214
  ],
  "median_depth_m": 0.6070000529289246,
  "mean_depth_m": 0.6063789129257202,
  "point_camera_m": [
    0.05596732720732689,
    -0.04863807186484337,
    0.6070000529289246
  ],
  "point_camera_mean_m": [
    0.05613640695810318,
    -0.04777928441762924,
    0.6063979864120483
  ],
  "debug": {
    "mask_pixels": 6528,
    "valid_depth_pixels": 6054,
    "valid_depth_ratio": 0.9273897058823529,
    "used_pixels_after_depth_fill": 6528,
    "min_depth_m": 0.1,
    "max_depth_m": 2.0,
    "depth_scale": 0.0010000000474974513,
    "fx": 385.724365234375,
    "fy": 385.28033447265625,
    "ppx": 326.5517883300781,
    "ppy": 244.87197875976562,
    "method": "all_mask_pixels_with_invalid_depth_filled_by_median_depth"
  },
  "frame": "RealSense D455 aligned color camera frame",
  "note": "Belum ditransformasikan ke base frame UR5."
}