{
  "pointcloud_path": "/home/b401/Documents/pick_place_occlusion_noetic/outputs/TC_09_GMN_VLM/vision_output/masked_object_pointcloud_median_fill.ply",
  "clean_mask_path": null,
  "method": "median_fill_all_mask_pixels",
  "use_median_fill": true,
  "mask_pixels": 6518,
  "valid_depth_pixels": 5410,
  "zero_depth_pixels": 1108,
  "final_points": 6511,
  "median_depth_m": 0.42100003361701965,
  "mean_depth_m": 0.422444611787796,
  "center_mean_camera_m": [
    0.0016420664008962274,
    -0.03522118958980396,
    0.4220172237588264
  ],
  "center_median_camera_m": [
    0.001576470909640193,
    -0.035561684519052505,
    0.42100003361701965
  ],
  "frame": "RealSense D455 aligned color camera frame",
  "note": "Point cloud masih camera frame, belum base frame UR5."
}