{
  "pointcloud_path": "/home/b401/Documents/pick_place_occlusion_noetic/outputs/TC_09_GMN_VLM/vision_output/masked_object_pointcloud_median_fill.ply",
  "clean_mask_path": null,
  "method": "median_fill_all_mask_pixels",
  "use_median_fill": true,
  "mask_pixels": 8853,
  "valid_depth_pixels": 6992,
  "zero_depth_pixels": 1861,
  "final_points": 8593,
  "median_depth_m": 0.37300002574920654,
  "mean_depth_m": 0.37550875544548035,
  "center_mean_camera_m": [
    0.0843842939651326,
    -0.030559534699656735,
    0.3733298214637788
  ],
  "center_median_camera_m": [
    0.08361922949552536,
    -0.030947254970669746,
    0.37300002574920654
  ],
  "frame": "RealSense D455 aligned color camera frame",
  "note": "Point cloud masih camera frame, belum base frame UR5."
}