{
  "object": "red soda can",
  "pixel_center_uv": [
    334,
    209
  ],
  "pixel_center_uv_mean": [
    334,
    209
  ],
  "median_depth_m": 0.3540000021457672,
  "mean_depth_m": 0.35453853011131287,
  "point_camera_m": [
    0.006835624575614929,
    -0.03295958787202835,
    0.3540000021457672
  ],
  "point_camera_mean_m": [
    0.007193352095782757,
    -0.03281892091035843,
    0.354385644197464
  ],
  "debug": {
    "mask_pixels": 9355,
    "valid_depth_pixels": 6668,
    "valid_depth_ratio": 0.7127739176910743,
    "used_pixels_after_depth_fill": 9355,
    "min_depth_m": 0.1,
    "max_depth_m": 2.0,
    "depth_scale": 0.0010000000474974513,
    "fx": 385.724365234375,
    "fy": 385.28033447265625,
    "ppx": 326.5517883300781,
    "ppy": 244.87197875976562,
    "method": "all_mask_pixels_with_invalid_depth_filled_by_median_depth"
  },
  "frame": "RealSense D455 aligned color camera frame",
  "note": "Belum ditransformasikan ke base frame UR5."
}