{
  "object": "clear water bottle",
  "pixel_center_uv": [
    290,
    175
  ],
  "pixel_center_uv_mean": [
    289,
    177
  ],
  "median_depth_m": 0.42500001192092896,
  "mean_depth_m": 0.4270499646663666,
  "point_camera_m": [
    -0.04028458148241043,
    -0.07782679796218872,
    0.42500001192092896
  ],
  "point_camera_mean_m": [
    -0.04046768322587013,
    -0.07475563883781433,
    0.4258330166339874
  ],
  "debug": {
    "mask_pixels": 10170,
    "valid_depth_pixels": 4065,
    "valid_depth_ratio": 0.3997050147492625,
    "used_pixels_after_depth_fill": 10170,
    "min_depth_m": 0.1,
    "max_depth_m": 2.0,
    "depth_scale": 0.0010000000474974513,
    "fx": 385.6192626953125,
    "fy": 385.17535400390625,
    "ppx": 326.5517883300781,
    "ppy": 244.87197875976562,
    "method": "all_mask_pixels_with_invalid_depth_filled_by_median_depth"
  },
  "frame": "RealSense D455 aligned color camera frame",
  "note": "Belum ditransformasikan ke base frame UR5."
}