{
  "success": true,
  "method": "graspnet_baseline_d455",
  "best_grasp": {
    "score": 0.38841232657432556,
    "translation_camera": [
      -0.10162079334259033,
      -0.05608920007944107,
      0.3050000071525574
    ],
    "rotation_matrix_camera": [
      [
        0.6540746092796326,
        -0.6235225796699524,
        -0.42825937271118164
      ],
      [
        -0.309978187084198,
        0.2954989969730377,
        -0.9036558270454407
      ],
      [
        0.690000057220459,
        0.7238094210624695,
        -3.1638712982839934e-08
      ]
    ],
    "width": 0.07055754214525223,
    "height": 0.019999999552965164,
    "depth": 0.029999999329447746,
    "object_id": -1,
    "frame": "RealSense D455 aligned color camera frame",
    "rank": 0,
    "distance_to_object_center": 0.052548207799683534
  },
  "object_center_camera": [
    -0.09839978845247771,
    -0.0037925515823829976,
    0.30100002884864807
  ],
  "frame": "RealSense D455 aligned color camera frame",
  "note": "Masih camera frame. Perlu transform camera-to-base sebelum eksekusi UR5.",
  "meta": {
    "object_center_camera": [
      -0.09839978845247771,
      -0.0037925515823829976,
      0.30100002884864807
    ],
    "num_mask_points": 15163,
    "num_workspace_points": 6460,
    "num_cloud_masked": 6460,
    "rgb_path": "/home/b401/Documents/pick_place_occlusion_noetic/data/d455_capture/current_scene_rgb.jpg",
    "depth_path": "/home/b401/Documents/pick_place_occlusion_noetic/data/d455_capture/depth_raw.npy",
    "intrinsics_path": "/home/b401/Documents/pick_place_occlusion_noetic/data/d455_capture/camera_intrinsics.json",
    "mask_path": "/home/b401/Documents/pick_place_occlusion_noetic/outputs/water_006/vision_output/fastsam_mask.png",
    "intrinsics": {
      "width": 640,
      "height": 480,
      "fx": 385.8294677734375,
      "fy": 385.38531494140625,
      "ppx": 326.5517883300781,
      "ppy": 244.87197875976562,
      "depth_scale": 0.0010000000474974513
    },
    "depth_scale": 0.0010000000474974513,
    "factor_depth": 999.999952502551,
    "frame": "RealSense D455 aligned color camera frame"
  }
}