{
  "object": "green can",
  "pixel_center_uv": [
    195,
    206
  ],
  "pixel_center_uv_mean": [
    195,
    205
  ],
  "median_depth_m": 0.30100002884864807,
  "mean_depth_m": 0.3036026060581207,
  "point_camera_m": [
    -0.10262847691774368,
    -0.03093455359339714,
    0.30100002884864807
  ],
  "point_camera_mean_m": [
    -0.10252338647842407,
    -0.03057185560464859,
    0.30225759744644165
  ],
  "debug": {
    "mask_pixels": 13003,
    "valid_depth_pixels": 6170,
    "valid_depth_ratio": 0.47450588325770976,
    "used_pixels_after_depth_fill": 13003,
    "min_depth_m": 0.1,
    "max_depth_m": 2.0,
    "depth_scale": 0.0010000000474974513,
    "fx": 385.8294677734375,
    "fy": 385.38531494140625,
    "ppx": 326.5517883300781,
    "ppy": 244.87197875976562,
    "method": "all_mask_pixels_with_invalid_depth_filled_by_median_depth"
  },
  "frame": "RealSense D455 aligned color camera frame",
  "note": "Belum ditransformasikan ke base frame UR5."
}