{
  "object": "green soda can",
  "pixel_center_uv": [
    276,
    212
  ],
  "pixel_center_uv_mean": [
    275,
    211
  ],
  "median_depth_m": 0.4280000329017639,
  "mean_depth_m": 0.42881253361701965,
  "point_camera_m": [
    -0.055945999920368195,
    -0.03667744994163513,
    0.4280000329017639
  ],
  "point_camera_mean_m": [
    -0.05615852028131485,
    -0.036517731845378876,
    0.4286653399467468
  ],
  "debug": {
    "mask_pixels": 6387,
    "valid_depth_pixels": 5258,
    "valid_depth_ratio": 0.823234695475184,
    "used_pixels_after_depth_fill": 6387,
    "min_depth_m": 0.1,
    "max_depth_m": 2.0,
    "depth_scale": 0.0010000000474974513,
    "fx": 385.8294677734375,
    "fy": 385.38531494140625,
    "ppx": 326.5517883300781,
    "ppy": 244.87197875976562,
    "method": "all_mask_pixels_with_invalid_depth_filled_by_median_depth"
  },
  "frame": "RealSense D455 aligned color camera frame",
  "note": "Belum ditransformasikan ke base frame UR5."
}