{
  "object": "red soda can",
  "pixel_center_uv": [
    321,
    212
  ],
  "pixel_center_uv_mean": [
    320,
    211
  ],
  "median_depth_m": 0.406000018119812,
  "mean_depth_m": 0.42455121874809265,
  "point_camera_m": [
    -0.005899584386497736,
    -0.035365134477615356,
    0.406000018119812
  ],
  "point_camera_mean_m": [
    -0.006204707082360983,
    -0.03629007935523987,
    0.42062482237815857
  ],
  "debug": {
    "mask_pixels": 7196,
    "valid_depth_pixels": 5671,
    "valid_depth_ratio": 0.7880767092829349,
    "used_pixels_after_depth_fill": 7196,
    "min_depth_m": 0.1,
    "max_depth_m": 2.0,
    "depth_scale": 0.0010000000474974513,
    "fx": 385.8294677734375,
    "fy": 385.38531494140625,
    "ppx": 326.5517883300781,
    "ppy": 244.87197875976562,
    "method": "all_mask_pixels_with_invalid_depth_filled_by_median_depth"
  },
  "frame": "RealSense D455 aligned color camera frame",
  "note": "Belum ditransformasikan ke base frame UR5."
}