{
  "pointcloud_path": "/home/b401/Documents/pick_place_occlusion_noetic/outputs/sprite_3steps_005/vision_output/masked_object_pointcloud_median_fill.ply",
  "clean_mask_path": null,
  "method": "median_fill_all_mask_pixels",
  "use_median_fill": true,
  "mask_pixels": 13388,
  "valid_depth_pixels": 1489,
  "zero_depth_pixels": 11899,
  "final_points": 13307,
  "median_depth_m": 0.30100002884864807,
  "mean_depth_m": 0.3543432354927063,
  "center_mean_camera_m": [
    -0.0662860007550837,
    -0.029858780559414818,
    0.3018390597449297
  ],
  "center_median_camera_m": [
    -0.0667603462934494,
    -0.029587460681796074,
    0.30100002884864807
  ],
  "frame": "RealSense D455 aligned color camera frame",
  "note": "Point cloud masih camera frame, belum base frame UR5."
}