{
  "success": true,
  "method": "graspnet_baseline_d455",
  "best_grasp": {
    "score": 0.39455538988113403,
    "translation_camera": [
      -0.0249186959117651,
      -0.07504576444625854,
      0.3620000183582306
    ],
    "rotation_matrix_camera": [
      [
        0.6660667061805725,
        -0.10242807865142822,
        -0.7388259172439575
      ],
      [
        -0.06173091381788254,
        0.9795583486557007,
        -0.19145402312278748
      ],
      [
        0.7433333396911621,
        0.17312955856323242,
        0.6461282968521118
      ]
    ],
    "width": 0.08025313913822174,
    "height": 0.019999999552965164,
    "depth": 0.019999999552965164,
    "object_id": -1,
    "frame": "RealSense D455 aligned color camera frame",
    "rank": 0,
    "distance_to_object_center": 0.0520100375777615
  },
  "object_center_camera": [
    -0.003250459257622806,
    -0.02828540153969175,
    0.35500001907348633
  ],
  "frame": "RealSense D455 aligned color camera frame",
  "note": "Masih camera frame. Perlu transform camera-to-base sebelum eksekusi UR5.",
  "meta": {
    "object_center_camera": [
      -0.003250459257622806,
      -0.02828540153969175,
      0.35500001907348633
    ],
    "num_mask_points": 11178,
    "num_workspace_points": 7204,
    "num_cloud_masked": 7204,
    "rgb_path": "/home/b401/Documents/pick_place_occlusion_noetic/data/d455_capture/current_scene_rgb.jpg",
    "depth_path": "/home/b401/Documents/pick_place_occlusion_noetic/data/d455_capture/depth_raw.npy",
    "intrinsics_path": "/home/b401/Documents/pick_place_occlusion_noetic/data/d455_capture/camera_intrinsics.json",
    "mask_path": "/home/b401/Documents/pick_place_occlusion_noetic/outputs/coca-cola/vision_output/fastsam_mask.png",
    "intrinsics": {
      "width": 640,
      "height": 480,
      "fx": 385.724365234375,
      "fy": 385.28033447265625,
      "ppx": 326.5517883300781,
      "ppy": 244.87197875976562,
      "depth_scale": 0.0010000000474974513
    },
    "depth_scale": 0.0010000000474974513,
    "factor_depth": 999.999952502551,
    "frame": "RealSense D455 aligned color camera frame"
  }
}