{
  "success": true,
  "method": "graspnet_baseline_d455",
  "best_grasp": {
    "score": 0.383026123046875,
    "translation_camera": [
      -0.018390201032161713,
      -0.16322338581085205,
      0.45600003004074097
    ],
    "rotation_matrix_camera": [
      [
        0.05689249932765961,
        -0.11523131281137466,
        -0.9917080998420715
      ],
      [
        -0.43903547525405884,
        0.8892316222190857,
        -0.1285107433795929
      ],
      [
        0.8966667056083679,
        0.44270631670951843,
        -1.9351308111481558e-08
      ]
    ],
    "width": 0.07517305016517639,
    "height": 0.019999999552965164,
    "depth": 0.019999999552965164,
    "object_id": -1,
    "frame": "RealSense D455 aligned color camera frame",
    "rank": 0,
    "distance_to_object_center": 0.0481087404748995
  },
  "object_center_camera": [
    -0.024302769603372548,
    -0.11757809598784531,
    0.44200003147125244
  ],
  "frame": "RealSense D455 aligned color camera frame",
  "note": "Masih camera frame. Perlu transform camera-to-base sebelum eksekusi UR5.",
  "meta": {
    "object_center_camera": [
      -0.024302769603372548,
      -0.11757809598784531,
      0.44200003147125244
    ],
    "num_mask_points": 8677,
    "num_workspace_points": 3679,
    "num_cloud_masked": 3679,
    "rgb_path": "/home/b401/Documents/pick_place_occlusion_noetic/data/d455_capture/current_scene_rgb.jpg",
    "depth_path": "/home/b401/Documents/pick_place_occlusion_noetic/data/d455_capture/depth_raw.npy",
    "intrinsics_path": "/home/b401/Documents/pick_place_occlusion_noetic/data/d455_capture/camera_intrinsics.json",
    "mask_path": "/home/b401/Documents/pick_place_occlusion_noetic/outputs/TC_05_OA_VLM/vision_output/fastsam_mask.png",
    "intrinsics": {
      "width": 640,
      "height": 480,
      "fx": 385.6192626953125,
      "fy": 385.17535400390625,
      "ppx": 326.5517883300781,
      "ppy": 244.87197875976562,
      "depth_scale": 0.0010000000474974513
    },
    "depth_scale": 0.0010000000474974513,
    "factor_depth": 999.999952502551,
    "frame": "RealSense D455 aligned color camera frame"
  }
}