{
  "pointcloud_path": "/home/b401/Documents/pick_place_occlusion_noetic/outputs/TC_05_OA_VLM/vision_output/masked_object_pointcloud_median_fill.ply",
  "clean_mask_path": null,
  "method": "median_fill_all_mask_pixels",
  "use_median_fill": true,
  "mask_pixels": 6509,
  "valid_depth_pixels": 3115,
  "zero_depth_pixels": 3225,
  "final_points": 6249,
  "median_depth_m": 0.4440000355243683,
  "mean_depth_m": 0.44096341729164124,
  "center_mean_camera_m": [
    -0.028647435977156688,
    -0.08533971207414645,
    0.4425698795649009
  ],
  "center_median_camera_m": [
    -0.029420197010040283,
    -0.09322289377450943,
    0.4440000355243683
  ],
  "frame": "RealSense D455 aligned color camera frame",
  "note": "Point cloud masih camera frame, belum base frame UR5."
}