{
  "pointcloud_path": "/home/b401/Documents/pick_place_occlusion_noetic/outputs/TC_14_VLM_02/vision_output/masked_object_pointcloud_median_fill.ply",
  "clean_mask_path": null,
  "method": "median_fill_all_mask_pixels",
  "use_median_fill": true,
  "mask_pixels": 7597,
  "valid_depth_pixels": 5946,
  "zero_depth_pixels": 1651,
  "final_points": 7589,
  "median_depth_m": 0.3960000276565552,
  "mean_depth_m": 0.39791595935821533,
  "center_mean_camera_m": [
    -0.002128433121163592,
    -0.03333627496220486,
    0.39639401164493443
  ],
  "center_median_camera_m": [
    -0.0025727576576173306,
    -0.03360678255558014,
    0.3960000276565552
  ],
  "frame": "RealSense D455 aligned color camera frame",
  "note": "Point cloud masih camera frame, belum base frame UR5."
}