{
  "object": "green soda can",
  "pixel_center_uv": [
    373,
    212
  ],
  "pixel_center_uv_mean": [
    372,
    212
  ],
  "median_depth_m": 0.37300002574920654,
  "mean_depth_m": 0.3742389976978302,
  "point_camera_m": [
    0.04418141767382622,
    -0.031815558671951294,
    0.37300002574920654
  ],
  "point_camera_mean_m": [
    0.04450549930334091,
    -0.031208522617816925,
    0.3738946318626404
  ],
  "debug": {
    "mask_pixels": 8646,
    "valid_depth_pixels": 6159,
    "valid_depth_ratio": 0.71235253296322,
    "used_pixels_after_depth_fill": 8646,
    "min_depth_m": 0.1,
    "max_depth_m": 2.0,
    "depth_scale": 0.0010000000474974513,
    "fx": 385.8294677734375,
    "fy": 385.38531494140625,
    "ppx": 326.5517883300781,
    "ppy": 244.87197875976562,
    "method": "all_mask_pixels_with_invalid_depth_filled_by_median_depth"
  },
  "frame": "RealSense D455 aligned color camera frame",
  "note": "Belum ditransformasikan ke base frame UR5."
}