{
  "success": true,
  "method": "graspnet_baseline_d455",
  "best_grasp": {
    "score": 0.7635784149169922,
    "translation_camera": [
      0.0663234293460846,
      -0.14476656913757324,
      0.3850000202655792
    ],
    "rotation_matrix_camera": [
      [
        0.05689249932765961,
        0.9917080998420715,
        -0.11523126810789108
      ],
      [
        -0.43903547525405884,
        0.12851069867610931,
        0.8892316222190857
      ],
      [
        0.8966667056083679,
        0.0,
        0.44270631670951843
      ]
    ],
    "width": 0.08018548786640167,
    "height": 0.019999999552965164,
    "depth": 0.029999999329447746,
    "object_id": -1,
    "frame": "RealSense D455 aligned color camera frame",
    "rank": 0,
    "distance_to_object_center": 0.036106103956320613
  },
  "object_center_camera": [
    0.05734033068847509,
    -0.11050354692081797,
    0.3920000195503235
  ],
  "frame": "RealSense D455 aligned color camera frame",
  "note": "Masih camera frame. Perlu transform camera-to-base sebelum eksekusi UR5.",
  "meta": {
    "object_center_camera": [
      0.05734033068847509,
      -0.11050354692081797,
      0.3920000195503235
    ],
    "num_mask_points": 15306,
    "num_workspace_points": 5078,
    "num_cloud_masked": 5078,
    "rgb_path": "/home/b401/Documents/pick_place_occlusion_noetic/data/d455_capture/current_scene_rgb.jpg",
    "depth_path": "/home/b401/Documents/pick_place_occlusion_noetic/data/d455_capture/depth_raw.npy",
    "intrinsics_path": "/home/b401/Documents/pick_place_occlusion_noetic/data/d455_capture/camera_intrinsics.json",
    "mask_path": "/home/b401/Documents/pick_place_occlusion_noetic/outputs/MO_OAI_IM_TYP_004/vision_output/fastsam_mask.png",
    "intrinsics": {
      "width": 640,
      "height": 480,
      "fx": 385.724365234375,
      "fy": 385.28033447265625,
      "ppx": 326.5517883300781,
      "ppy": 244.87197875976562,
      "depth_scale": 0.0010000000474974513
    },
    "depth_scale": 0.0010000000474974513,
    "factor_depth": 999.999952502551,
    "frame": "RealSense D455 aligned color camera frame"
  }
}