{
  "object": "red soda can",
  "pixel_center_uv": [
    266,
    208
  ],
  "pixel_center_uv_mean": [
    265,
    207
  ],
  "median_depth_m": 0.35500001907348633,
  "mean_depth_m": 0.35670632123947144,
  "point_camera_m": [
    -0.055728618055582047,
    -0.03406980261206627,
    0.35500001907348633
  ],
  "point_camera_mean_m": [
    -0.05622515827417374,
    -0.03423368185758591,
    0.35631856322288513
  ],
  "debug": {
    "mask_pixels": 9307,
    "valid_depth_pixels": 7228,
    "valid_depth_ratio": 0.7766197485763404,
    "used_pixels_after_depth_fill": 9307,
    "min_depth_m": 0.1,
    "max_depth_m": 2.0,
    "depth_scale": 0.0010000000474974513,
    "fx": 385.724365234375,
    "fy": 385.28033447265625,
    "ppx": 326.5517883300781,
    "ppy": 244.87197875976562,
    "method": "all_mask_pixels_with_invalid_depth_filled_by_median_depth"
  },
  "frame": "RealSense D455 aligned color camera frame",
  "note": "Belum ditransformasikan ke base frame UR5."
}