{
  "pointcloud_path": "/home/b401/Documents/pick_place_occlusion_noetic/outputs/MO_OAI_IM_TYP_002/vision_output/masked_object_pointcloud_median_fill.ply",
  "clean_mask_path": null,
  "method": "median_fill_all_mask_pixels",
  "use_median_fill": true,
  "mask_pixels": 8125,
  "valid_depth_pixels": 6557,
  "zero_depth_pixels": 1537,
  "final_points": 8037,
  "median_depth_m": 0.38200002908706665,
  "mean_depth_m": 0.38379165530204773,
  "center_mean_camera_m": [
    -0.027425026692052233,
    -0.03516187981646628,
    0.38338959255265376
  ],
  "center_median_camera_m": [
    -0.02728576399385929,
    -0.03556656464934349,
    0.38200002908706665
  ],
  "frame": "RealSense D455 aligned color camera frame",
  "note": "Point cloud masih camera frame, belum base frame UR5."
}