{
  "pointcloud_path": "/home/b401/Documents/pick_place_occlusion_noetic/outputs/water_007/vision_output/masked_object_pointcloud_median_fill.ply",
  "clean_mask_path": null,
  "method": "median_fill_all_mask_pixels",
  "use_median_fill": true,
  "mask_pixels": 13007,
  "valid_depth_pixels": 5156,
  "zero_depth_pixels": 7851,
  "final_points": 12429,
  "median_depth_m": 0.30100002884864807,
  "mean_depth_m": 0.30429017543792725,
  "center_mean_camera_m": [
    -0.09816034346152334,
    -0.03136686222120607,
    0.30180789234028405
  ],
  "center_median_camera_m": [
    -0.09845877438783646,
    -0.03248624876141548,
    0.30100002884864807
  ],
  "frame": "RealSense D455 aligned color camera frame",
  "note": "Point cloud masih camera frame, belum base frame UR5."
}