{
  "pointcloud_path": "/home/b401/Documents/pick_place_occlusion_noetic/outputs/single_4steps_water_005/vision_output/masked_object_pointcloud_median_fill.ply",
  "clean_mask_path": null,
  "method": "median_fill_all_mask_pixels",
  "use_median_fill": true,
  "mask_pixels": 4807,
  "valid_depth_pixels": 3571,
  "zero_depth_pixels": 1236,
  "final_points": 4791,
  "median_depth_m": 0.32500001788139343,
  "mean_depth_m": 0.32737159729003906,
  "center_mean_camera_m": [
    -0.04104556735240326,
    0.011030079939243265,
    0.32658778414351036
  ],
  "center_median_camera_m": [
    -0.04109736159443855,
    0.010934758000075817,
    0.32500001788139343
  ],
  "frame": "RealSense D455 aligned color camera frame",
  "note": "Point cloud masih camera frame, belum base frame UR5."
}