{
  "object": "red soda can",
  "pixel_center_uv": [
    366,
    211
  ],
  "pixel_center_uv_mean": [
    366,
    211
  ],
  "median_depth_m": 0.37700000405311584,
  "mean_depth_m": 0.37809690833091736,
  "point_camera_m": [
    0.03866450861096382,
    -0.03304709494113922,
    0.37700000405311584
  ],
  "point_camera_mean_m": [
    0.03897520899772644,
    -0.03268130496144295,
    0.37782764434814453
  ],
  "debug": {
    "mask_pixels": 8319,
    "valid_depth_pixels": 6338,
    "valid_depth_ratio": 0.761870417117442,
    "used_pixels_after_depth_fill": 8319,
    "min_depth_m": 0.1,
    "max_depth_m": 2.0,
    "depth_scale": 0.0010000000474974513,
    "fx": 385.8294677734375,
    "fy": 385.38531494140625,
    "ppx": 326.5517883300781,
    "ppy": 244.87197875976562,
    "method": "all_mask_pixels_with_invalid_depth_filled_by_median_depth"
  },
  "frame": "RealSense D455 aligned color camera frame",
  "note": "Belum ditransformasikan ke base frame UR5."
}