{
  "pointcloud_path": "/home/b401/Documents/pick_place_occlusion_noetic/outputs/sprite_005/vision_output/masked_object_pointcloud_median_fill.ply",
  "clean_mask_path": null,
  "method": "median_fill_all_mask_pixels",
  "use_median_fill": true,
  "mask_pixels": 3540,
  "valid_depth_pixels": 2816,
  "zero_depth_pixels": 724,
  "final_points": 3509,
  "median_depth_m": 0.39500001072883606,
  "mean_depth_m": 0.3992670774459839,
  "center_mean_camera_m": [
    -0.09019336401439522,
    0.0058313875255673175,
    0.3972260071090498
  ],
  "center_median_camera_m": [
    -0.09031227976083755,
    0.006123562343418598,
    0.39500001072883606
  ],
  "frame": "RealSense D455 aligned color camera frame",
  "note": "Point cloud masih camera frame, belum base frame UR5."
}