{
  "object": "purple soda can",
  "pixel_center_uv": [
    346,
    207
  ],
  "pixel_center_uv_mean": [
    345,
    206
  ],
  "median_depth_m": 0.3160000145435333,
  "mean_depth_m": 0.32278481125831604,
  "point_camera_m": [
    0.015731031075119972,
    -0.031061915680766106,
    0.3160000145435333
  ],
  "point_camera_mean_m": [
    0.016173137351870537,
    -0.031291935592889786,
    0.3207970857620239
  ],
  "debug": {
    "mask_pixels": 11666,
    "valid_depth_pixels": 8271,
    "valid_depth_ratio": 0.7089833704783131,
    "used_pixels_after_depth_fill": 11666,
    "min_depth_m": 0.1,
    "max_depth_m": 2.0,
    "depth_scale": 0.0010000000474974513,
    "fx": 385.724365234375,
    "fy": 385.28033447265625,
    "ppx": 326.5517883300781,
    "ppy": 244.87197875976562,
    "method": "all_mask_pixels_with_invalid_depth_filled_by_median_depth"
  },
  "frame": "RealSense D455 aligned color camera frame",
  "note": "Belum ditransformasikan ke base frame UR5."
}