{
  "object": "green soda can",
  "pixel_center_uv": [
    252,
    206
  ],
  "pixel_center_uv_mean": [
    251,
    206
  ],
  "median_depth_m": 0.3490000069141388,
  "mean_depth_m": 0.3545624911785126,
  "point_camera_m": [
    -0.06767010688781738,
    -0.035211555659770966,
    0.3490000069141388
  ],
  "point_camera_mean_m": [
    -0.06854502111673355,
    -0.03468220680952072,
    0.35326874256134033
  ],
  "debug": {
    "mask_pixels": 9502,
    "valid_depth_pixels": 7266,
    "valid_depth_ratio": 0.7646811197642601,
    "used_pixels_after_depth_fill": 9502,
    "min_depth_m": 0.1,
    "max_depth_m": 2.0,
    "depth_scale": 0.0010000000474974513,
    "fx": 385.724365234375,
    "fy": 385.28033447265625,
    "ppx": 326.5517883300781,
    "ppy": 244.87197875976562,
    "method": "all_mask_pixels_with_invalid_depth_filled_by_median_depth"
  },
  "frame": "RealSense D455 aligned color camera frame",
  "note": "Belum ditransformasikan ke base frame UR5."
}