{
  "success": true,
  "method": "graspnet_baseline_d455",
  "best_grasp": {
    "score": 0.5975661277770996,
    "translation_camera": [
      0.007186416536569595,
      -0.10920228064060211,
      0.43000003695487976
    ],
    "rotation_matrix_camera": [
      [
        0.022774772718548775,
        -0.9989326000213623,
        -0.0401865616440773
      ],
      [
        0.4925254285335541,
        0.04619145020842552,
        -0.869071364402771
      ],
      [
        0.8700000047683716,
        0.0,
        0.4930517077445984
      ]
    ],
    "width": 0.08299832046031952,
    "height": 0.019999999552965164,
    "depth": 0.029999999329447746,
    "object_id": -1,
    "frame": "RealSense D455 aligned color camera frame",
    "rank": 0,
    "distance_to_object_center": 0.07292474554815853
  },
  "object_center_camera": [
    0.0015952383848043625,
    -0.03655410590050463,
    0.43300002813339233
  ],
  "frame": "RealSense D455 aligned color camera frame",
  "note": "Masih camera frame. Perlu transform camera-to-base sebelum eksekusi UR5.",
  "meta": {
    "object_center_camera": [
      0.0015952383848043625,
      -0.03655410590050463,
      0.43300002813339233
    ],
    "num_mask_points": 7973,
    "num_workspace_points": 5341,
    "num_cloud_masked": 5341,
    "rgb_path": "/home/b401/Documents/pick_place_occlusion_noetic/data/d455_capture/current_scene_rgb.jpg",
    "depth_path": "/home/b401/Documents/pick_place_occlusion_noetic/data/d455_capture/depth_raw.npy",
    "intrinsics_path": "/home/b401/Documents/pick_place_occlusion_noetic/data/d455_capture/camera_intrinsics.json",
    "mask_path": "/home/b401/Documents/pick_place_occlusion_noetic/outputs/single_4steps_water_004/vision_output/fastsam_mask.png",
    "intrinsics": {
      "width": 640,
      "height": 480,
      "fx": 385.8294677734375,
      "fy": 385.38531494140625,
      "ppx": 326.5517883300781,
      "ppy": 244.87197875976562,
      "depth_scale": 0.0010000000474974513
    },
    "depth_scale": 0.0010000000474974513,
    "factor_depth": 999.999952502551,
    "frame": "RealSense D455 aligned color camera frame"
  }
}