{
  "pointcloud_path": "/home/b401/Documents/pick_place_occlusion_noetic/outputs/TC_07_GMN_VLM/vision_output/masked_object_pointcloud_median_fill.ply",
  "clean_mask_path": null,
  "method": "median_fill_all_mask_pixels",
  "use_median_fill": true,
  "mask_pixels": 8374,
  "valid_depth_pixels": 6509,
  "zero_depth_pixels": 1865,
  "final_points": 8341,
  "median_depth_m": 0.37700000405311584,
  "mean_depth_m": 0.38336798548698425,
  "center_mean_camera_m": [
    0.0691542071309854,
    -0.030700250786351885,
    0.3795084655070502
  ],
  "center_median_camera_m": [
    0.06814282387495041,
    -0.031195497140288353,
    0.37700000405311584
  ],
  "frame": "RealSense D455 aligned color camera frame",
  "note": "Point cloud masih camera frame, belum base frame UR5."
}