{
  "object": "red soda can",
  "pixel_center_uv": [
    362,
    214
  ],
  "pixel_center_uv_mean": [
    362,
    214
  ],
  "median_depth_m": 0.4300000071525574,
  "mean_depth_m": 0.4322231411933899,
  "point_camera_m": [
    0.03951716050505638,
    -0.034455303102731705,
    0.4300000071525574
  ],
  "point_camera_mean_m": [
    0.03982633352279663,
    -0.03410480543971062,
    0.4317028224468231
  ],
  "debug": {
    "mask_pixels": 6489,
    "valid_depth_pixels": 4974,
    "valid_depth_ratio": 0.7665279704114656,
    "used_pixels_after_depth_fill": 6489,
    "min_depth_m": 0.1,
    "max_depth_m": 2.0,
    "depth_scale": 0.0010000000474974513,
    "fx": 385.724365234375,
    "fy": 385.28033447265625,
    "ppx": 326.5517883300781,
    "ppy": 244.87197875976562,
    "method": "all_mask_pixels_with_invalid_depth_filled_by_median_depth"
  },
  "frame": "RealSense D455 aligned color camera frame",
  "note": "Belum ditransformasikan ke base frame UR5."
}