{
  "object": "clear water bottle",
  "pixel_center_uv": [
    346,
    177
  ],
  "pixel_center_uv_mean": [
    346,
    178
  ],
  "median_depth_m": 0.40300002694129944,
  "mean_depth_m": 0.403340220451355,
  "point_camera_m": [
    0.020319249480962753,
    -0.07099352777004242,
    0.40300002694129944
  ],
  "point_camera_mean_m": [
    0.020483773201704025,
    -0.06998666375875473,
    0.40311405062675476
  ],
  "debug": {
    "mask_pixels": 11856,
    "valid_depth_pixels": 3671,
    "valid_depth_ratio": 0.30963225371120107,
    "used_pixels_after_depth_fill": 11856,
    "min_depth_m": 0.1,
    "max_depth_m": 2.0,
    "depth_scale": 0.0010000000474974513,
    "fx": 385.724365234375,
    "fy": 385.28033447265625,
    "ppx": 326.5517883300781,
    "ppy": 244.87197875976562,
    "method": "all_mask_pixels_with_invalid_depth_filled_by_median_depth"
  },
  "frame": "RealSense D455 aligned color camera frame",
  "note": "Belum ditransformasikan ke base frame UR5."
}