{
  "object": "green soda can",
  "pixel_center_uv": [
    285,
    211
  ],
  "pixel_center_uv_mean": [
    285,
    211
  ],
  "median_depth_m": 0.3850000202655792,
  "mean_depth_m": 0.38613587617874146,
  "point_camera_m": [
    -0.041139379143714905,
    -0.03375022113323212,
    0.3850000202655792
  ],
  "point_camera_mean_m": [
    -0.04132885858416557,
    -0.03338135406374931,
    0.38588428497314453
  ],
  "debug": {
    "mask_pixels": 7756,
    "valid_depth_pixels": 6013,
    "valid_depth_ratio": 0.7752707581227437,
    "used_pixels_after_depth_fill": 7756,
    "min_depth_m": 0.1,
    "max_depth_m": 2.0,
    "depth_scale": 0.0010000000474974513,
    "fx": 385.8294677734375,
    "fy": 385.38531494140625,
    "ppx": 326.5517883300781,
    "ppy": 244.87197875976562,
    "method": "all_mask_pixels_with_invalid_depth_filled_by_median_depth"
  },
  "frame": "RealSense D455 aligned color camera frame",
  "note": "Belum ditransformasikan ke base frame UR5."
}