{
  "pointcloud_path": "/home/b401/Documents/pick_place_occlusion_noetic/outputs/TC_02_GMN_VLM/vision_output/masked_object_pointcloud_median_fill.ply",
  "clean_mask_path": null,
  "method": "median_fill_all_mask_pixels",
  "use_median_fill": true,
  "mask_pixels": 7283,
  "valid_depth_pixels": 5053,
  "zero_depth_pixels": 2230,
  "final_points": 7279,
  "median_depth_m": 0.406000018119812,
  "mean_depth_m": 0.4066426157951355,
  "center_mean_camera_m": [
    -0.0009614115700610356,
    -0.03173096986756843,
    0.40632066645290127
  ],
  "center_median_camera_m": [
    -0.0005879457457922399,
    -0.03147844225168228,
    0.406000018119812
  ],
  "frame": "RealSense D455 aligned color camera frame",
  "note": "Point cloud masih camera frame, belum base frame UR5."
}