{
  "object": "red soda can",
  "pixel_center_uv": [
    382,
    215
  ],
  "pixel_center_uv_mean": [
    381,
    215
  ],
  "median_depth_m": 0.4440000355243683,
  "mean_depth_m": 0.4445776343345642,
  "point_camera_m": [
    0.06325038522481918,
    -0.03419209644198418,
    0.4440000355243683
  ],
  "point_camera_mean_m": [
    0.06363990157842636,
    -0.0339757464826107,
    0.4444666802883148
  ],
  "debug": {
    "mask_pixels": 6127,
    "valid_depth_pixels": 4974,
    "valid_depth_ratio": 0.8118165496980578,
    "used_pixels_after_depth_fill": 6127,
    "min_depth_m": 0.1,
    "max_depth_m": 2.0,
    "depth_scale": 0.0010000000474974513,
    "fx": 385.724365234375,
    "fy": 385.28033447265625,
    "ppx": 326.5517883300781,
    "ppy": 244.87197875976562,
    "method": "all_mask_pixels_with_invalid_depth_filled_by_median_depth"
  },
  "frame": "RealSense D455 aligned color camera frame",
  "note": "Belum ditransformasikan ke base frame UR5."
}