{
  "success": true,
  "method": "graspnet_baseline_d455",
  "best_grasp": {
    "score": 0.4112764894962311,
    "translation_camera": [
      -0.020808253437280655,
      -0.072858065366745,
      0.35600003600120544
    ],
    "rotation_matrix_camera": [
      [
        0.6660667061805725,
        -0.7401613593101501,
        -0.09228425472974777
      ],
      [
        -0.06173091381788254,
        0.0685979425907135,
        -0.9957327246665955
      ],
      [
        0.7433333396911621,
        0.6689212322235107,
        -2.9239474841347146e-08
      ]
    ],
    "width": 0.06898951530456543,
    "height": 0.019999999552965164,
    "depth": 0.019999999552965164,
    "object_id": -1,
    "frame": "RealSense D455 aligned color camera frame",
    "rank": 0,
    "distance_to_object_center": 0.044077415195230105
  },
  "object_center_camera": [
    -0.00422347281620744,
    -0.03203204978613939,
    0.35500001907348633
  ],
  "frame": "RealSense D455 aligned color camera frame",
  "note": "Masih camera frame. Perlu transform camera-to-base sebelum eksekusi UR5.",
  "meta": {
    "object_center_camera": [
      -0.00422347281620744,
      -0.03203204978613939,
      0.35500001907348633
    ],
    "num_mask_points": 13271,
    "num_workspace_points": 7628,
    "num_cloud_masked": 7628,
    "rgb_path": "/home/b401/Documents/pick_place_occlusion_noetic/data/d455_capture/current_scene_rgb.jpg",
    "depth_path": "/home/b401/Documents/pick_place_occlusion_noetic/data/d455_capture/depth_raw.npy",
    "intrinsics_path": "/home/b401/Documents/pick_place_occlusion_noetic/data/d455_capture/camera_intrinsics.json",
    "mask_path": "/home/b401/Documents/pick_place_occlusion_noetic/outputs/water_3steps/vision_output/fastsam_mask.png",
    "intrinsics": {
      "width": 640,
      "height": 480,
      "fx": 385.8294677734375,
      "fy": 385.38531494140625,
      "ppx": 326.5517883300781,
      "ppy": 244.87197875976562,
      "depth_scale": 0.0010000000474974513
    },
    "depth_scale": 0.0010000000474974513,
    "factor_depth": 999.999952502551,
    "frame": "RealSense D455 aligned color camera frame"
  }
}