{
  "object": "red soda can",
  "pixel_center_uv": [
    326,
    194
  ],
  "pixel_center_uv_mean": [
    325,
    193
  ],
  "median_depth_m": 0.35500001907348633,
  "mean_depth_m": 0.3618857264518738,
  "point_camera_m": [
    -0.0005076980451121926,
    -0.04686103016138077,
    0.35500001907348633
  ],
  "point_camera_mean_m": [
    -0.0006950026145204902,
    -0.049472875893116,
    0.35956376791000366
  ],
  "debug": {
    "mask_pixels": 11025,
    "valid_depth_pixels": 7313,
    "valid_depth_ratio": 0.6633106575963719,
    "used_pixels_after_depth_fill": 11025,
    "min_depth_m": 0.1,
    "max_depth_m": 2.0,
    "depth_scale": 0.0010000000474974513,
    "fx": 385.8294677734375,
    "fy": 385.38531494140625,
    "ppx": 326.5517883300781,
    "ppy": 244.87197875976562,
    "method": "all_mask_pixels_with_invalid_depth_filled_by_median_depth"
  },
  "frame": "RealSense D455 aligned color camera frame",
  "note": "Belum ditransformasikan ke base frame UR5."
}