{
  "pointcloud_path": "/home/b401/Documents/pick_place_occlusion_noetic/outputs/sprite_3steps_003/vision_output/masked_object_pointcloud_median_fill.ply",
  "clean_mask_path": null,
  "method": "median_fill_all_mask_pixels",
  "use_median_fill": true,
  "mask_pixels": 13457,
  "valid_depth_pixels": 5512,
  "zero_depth_pixels": 7945,
  "final_points": 13442,
  "median_depth_m": 0.2990000247955322,
  "mean_depth_m": 0.30357804894447327,
  "center_mean_camera_m": [
    -0.0306165569756822,
    -0.024020352565866404,
    0.3006756649678386
  ],
  "center_median_camera_m": [
    -0.02988399751484394,
    -0.02395845763385296,
    0.2990000247955322
  ],
  "frame": "RealSense D455 aligned color camera frame",
  "note": "Point cloud masih camera frame, belum base frame UR5."
}