{
  "object": "blue water bottle",
  "pixel_center_uv": [
    341,
    177
  ],
  "pixel_center_uv_mean": [
    341,
    177
  ],
  "median_depth_m": 0.39900001883506775,
  "mean_depth_m": 0.39900001883506775,
  "point_camera_m": [
    0.014945482835173607,
    -0.06976038962602615,
    0.39900001883506775
  ],
  "point_camera_mean_m": [
    0.015136821195483208,
    -0.06943022459745407,
    0.3989580571651459
  ],
  "debug": {
    "mask_pixels": 12053,
    "valid_depth_pixels": 4012,
    "valid_depth_ratio": 0.3328631875881523,
    "used_pixels_after_depth_fill": 12053,
    "min_depth_m": 0.1,
    "max_depth_m": 2.0,
    "depth_scale": 0.0010000000474974513,
    "fx": 385.724365234375,
    "fy": 385.28033447265625,
    "ppx": 326.5517883300781,
    "ppy": 244.87197875976562,
    "method": "all_mask_pixels_with_invalid_depth_filled_by_median_depth"
  },
  "frame": "RealSense D455 aligned color camera frame",
  "note": "Belum ditransformasikan ke base frame UR5."
}