{
  "object": "red soda can",
  "pixel_center_uv": [
    316,
    208
  ],
  "pixel_center_uv_mean": [
    316,
    207
  ],
  "median_depth_m": 0.34800001978874207,
  "mean_depth_m": 0.34870386123657227,
  "point_camera_m": [
    -0.009407822974026203,
    -0.0334160141646862,
    0.34800001978874207
  ],
  "point_camera_mean_m": [
    -0.00930336955934763,
    -0.03326662257313728,
    0.3485255241394043
  ],
  "debug": {
    "mask_pixels": 9597,
    "valid_depth_pixels": 7236,
    "valid_depth_ratio": 0.7539856205064083,
    "used_pixels_after_depth_fill": 9597,
    "min_depth_m": 0.1,
    "max_depth_m": 2.0,
    "depth_scale": 0.0010000000474974513,
    "fx": 385.8294677734375,
    "fy": 385.38531494140625,
    "ppx": 326.5517883300781,
    "ppy": 244.87197875976562,
    "method": "all_mask_pixels_with_invalid_depth_filled_by_median_depth"
  },
  "frame": "RealSense D455 aligned color camera frame",
  "note": "Belum ditransformasikan ke base frame UR5."
}