{
  "object": "red soda can",
  "pixel_center_uv": [
    239,
    211
  ],
  "pixel_center_uv_mean": [
    239,
    210
  ],
  "median_depth_m": 0.37800002098083496,
  "mean_depth_m": 0.3791735768318176,
  "point_camera_m": [
    -0.0852673202753067,
    -0.03323192894458771,
    0.37800002098083496
  ],
  "point_camera_mean_m": [
    -0.08582240343093872,
    -0.03346389904618263,
    0.37894207239151
  ],
  "debug": {
    "mask_pixels": 8462,
    "valid_depth_pixels": 6816,
    "valid_depth_ratio": 0.8054833372725124,
    "used_pixels_after_depth_fill": 8462,
    "min_depth_m": 0.1,
    "max_depth_m": 2.0,
    "depth_scale": 0.0010000000474974513,
    "fx": 385.724365234375,
    "fy": 385.28033447265625,
    "ppx": 326.5517883300781,
    "ppy": 244.87197875976562,
    "method": "all_mask_pixels_with_invalid_depth_filled_by_median_depth"
  },
  "frame": "RealSense D455 aligned color camera frame",
  "note": "Belum ditransformasikan ke base frame UR5."
}