{
  "success": true,
  "method": "graspnet_baseline_d455",
  "best_grasp": {
    "score": 0.3719263970851898,
    "translation_camera": [
      -0.1131487563252449,
      -0.07404018193483353,
      0.38100001215934753
    ],
    "rotation_matrix_camera": [
      [
        0.14391817152500153,
        -0.43786168098449707,
        -0.8874484300613403
      ],
      [
        -0.2771056890487671,
        0.8430759906768799,
        -0.4609070420265198
      ],
      [
        0.949999988079071,
        0.31224989891052246,
        -1.3648876695526724e-08
      ]
    ],
    "width": 0.07025101780891418,
    "height": 0.019999999552965164,
    "depth": 0.019999999552965164,
    "object_id": -1,
    "frame": "RealSense D455 aligned color camera frame",
    "rank": 0,
    "distance_to_object_center": 0.04860792008033602
  },
  "object_center_camera": [
    -0.08850368382968724,
    -0.03225082504633993,
    0.37800002098083496
  ],
  "frame": "RealSense D455 aligned color camera frame",
  "note": "Masih camera frame. Perlu transform camera-to-base sebelum eksekusi UR5.",
  "meta": {
    "object_center_camera": [
      -0.08850368382968724,
      -0.03225082504633993,
      0.37800002098083496
    ],
    "num_mask_points": 10214,
    "num_workspace_points": 7109,
    "num_cloud_masked": 7109,
    "rgb_path": "/home/b401/Documents/pick_place_occlusion_noetic/data/d455_capture/current_scene_rgb.jpg",
    "depth_path": "/home/b401/Documents/pick_place_occlusion_noetic/data/d455_capture/depth_raw.npy",
    "intrinsics_path": "/home/b401/Documents/pick_place_occlusion_noetic/data/d455_capture/camera_intrinsics.json",
    "mask_path": "/home/b401/Documents/pick_place_occlusion_noetic/outputs/TC_08_OA_VLM/vision_output/fastsam_mask.png",
    "intrinsics": {
      "width": 640,
      "height": 480,
      "fx": 385.724365234375,
      "fy": 385.28033447265625,
      "ppx": 326.5517883300781,
      "ppy": 244.87197875976562,
      "depth_scale": 0.0010000000474974513
    },
    "depth_scale": 0.0010000000474974513,
    "factor_depth": 999.999952502551,
    "frame": "RealSense D455 aligned color camera frame"
  }
}