{
  "object": "green soda can",
  "pixel_center_uv": [
    360,
    211
  ],
  "pixel_center_uv_mean": [
    359,
    210
  ],
  "median_depth_m": 0.3750000298023224,
  "mean_depth_m": 0.3766513764858246,
  "point_camera_m": [
    0.03226689249277115,
    -0.03297717124223709,
    0.3750000298023224
  ],
  "point_camera_mean_m": [
    0.03257671743631363,
    -0.033080924302339554,
    0.37628206610679626
  ],
  "debug": {
    "mask_pixels": 8130,
    "valid_depth_pixels": 6319,
    "valid_depth_ratio": 0.7772447724477245,
    "used_pixels_after_depth_fill": 8130,
    "min_depth_m": 0.1,
    "max_depth_m": 2.0,
    "depth_scale": 0.0010000000474974513,
    "fx": 385.6192626953125,
    "fy": 385.17535400390625,
    "ppx": 326.5517883300781,
    "ppy": 244.87197875976562,
    "method": "all_mask_pixels_with_invalid_depth_filled_by_median_depth"
  },
  "frame": "RealSense D455 aligned color camera frame",
  "note": "Belum ditransformasikan ke base frame UR5."
}