{
  "success": true,
  "method": "graspnet_baseline_d455",
  "best_grasp": {
    "score": 0.421099990606308,
    "translation_camera": [
      -0.012095817364752293,
      -0.060667283833026886,
      0.40400001406669617
    ],
    "rotation_matrix_camera": [
      [
        0.6540746092796326,
        -0.6235225796699524,
        -0.42825937271118164
      ],
      [
        -0.309978187084198,
        0.2954989969730377,
        -0.9036558270454407
      ],
      [
        0.690000057220459,
        0.7238094210624695,
        -3.1638712982839934e-08
      ]
    ],
    "width": 0.062358126044273376,
    "height": 0.019999999552965164,
    "depth": 0.029999999329447746,
    "object_id": -1,
    "frame": "RealSense D455 aligned color camera frame",
    "rank": 0,
    "distance_to_object_center": 0.02448309545618882
  },
  "object_center_camera": [
    -0.008910203293088396,
    -0.036474850927451,
    0.406000018119812
  ],
  "frame": "RealSense D455 aligned color camera frame",
  "note": "Masih camera frame. Perlu transform camera-to-base sebelum eksekusi UR5.",
  "meta": {
    "object_center_camera": [
      -0.008910203293088396,
      -0.036474850927451,
      0.406000018119812
    ],
    "num_mask_points": 9147,
    "num_workspace_points": 6439,
    "num_cloud_masked": 6439,
    "rgb_path": "/home/b401/Documents/pick_place_occlusion_noetic/data/d455_capture/current_scene_rgb.jpg",
    "depth_path": "/home/b401/Documents/pick_place_occlusion_noetic/data/d455_capture/depth_raw.npy",
    "intrinsics_path": "/home/b401/Documents/pick_place_occlusion_noetic/data/d455_capture/camera_intrinsics.json",
    "mask_path": "/home/b401/Documents/pick_place_occlusion_noetic/outputs/water_002/vision_output/fastsam_mask.png",
    "intrinsics": {
      "width": 640,
      "height": 480,
      "fx": 385.8294677734375,
      "fy": 385.38531494140625,
      "ppx": 326.5517883300781,
      "ppy": 244.87197875976562,
      "depth_scale": 0.0010000000474974513
    },
    "depth_scale": 0.0010000000474974513,
    "factor_depth": 999.999952502551,
    "frame": "RealSense D455 aligned color camera frame"
  }
}