{
  "success": true,
  "frame": "base",
  "target_link": "tool0",
  "source_target": "gripper_tip",
  "active_test_name": "sprite_2steps_006",
  "translation_tool0_pregrasp": [
    -0.5433388190736088,
    0.38531752145052867,
    0.4566898107566918
  ],
  "quaternion_tool0_xyzw": [
    -0.28340175782789895,
    0.6661598976406625,
    0.6411123643592581,
    -0.25473392137899675
  ],
  "rpy_tool0_rad": [
    1.619,
    0.024,
    -2.36
  ],
  "orientation_source": "fixed_rpy",
  "gripper_tip_grasp_base": [
    -0.6028100230390662,
    0.4559805654635072,
    0.31850071846474104
  ],
  "gripper_tip_pregrasp_base": [
    -0.6028100230390662,
    0.4559805654635072,
    0.44850071846474104
  ],
  "tool0_to_gripper_tip_offset_tool_frame": [
    0.0,
    0.0,
    0.17
  ],
  "pregrasp_z_m": 0.13,
  "score": 0.12205102294683456,
  "width": 0.04606148228049278,
  "depth": 0.009999999776482582,
  "height": 0.019999999552965164,
  "source_file": "/home/b401/Documents/pick_place_occlusion_noetic/outputs/sprite_2steps_006/vision_output/best_grasp_base.json",
  "note": "Kirim translation_tool0_pregrasp + quaternion_tool0_xyzw ke MoveIt sebagai target tool0. Jangan kirim gripper_tip_grasp_base langsung ke MoveIt.",
  "manual_nudge_base_m": {
    "dx": -0.06,
    "dy": 0.05,
    "dz": 0.0
  },
  "manual_nudge_history": [
    {
      "from": [
        -0.48333881907360876,
        0.3353175214505287,
        0.4566898107566918
      ],
      "to": [
        -0.5433388190736088,
        0.38531752145052867,
        0.4566898107566918
      ],
      "dx": -0.06,
      "dy": 0.05,
      "dz": 0.0,
      "frame": "base"
    }
  ],
  "note_nudge": "translation_tool0_pregrasp digeser manual dalam frame base. dx/dy/dz satuannya meter."
}