{
  "success": true,
  "frame": "base",
  "target_link": "tool0",
  "source_target": "gripper_tip",
  "active_test_name": "coca-cola_REAL",
  "translation_tool0_pregrasp": [
    -0.5927246928628488,
    0.3953892331917427,
    0.3616663431097887
  ],
  "quaternion_tool0_xyzw": [
    -0.28340175782789895,
    0.6661598976406625,
    0.6411123643592581,
    -0.25473392137899675
  ],
  "rpy_tool0_rad": [
    1.619,
    0.024,
    -2.36
  ],
  "orientation_source": "fixed_rpy",
  "gripper_tip_grasp_base": [
    -0.6621958968283062,
    0.4760522772047212,
    0.22347725081783792
  ],
  "gripper_tip_pregrasp_base": [
    -0.6621958968283062,
    0.4760522772047212,
    0.35347725081783793
  ],
  "tool0_to_gripper_tip_offset_tool_frame": [
    0.0,
    0.0,
    0.17
  ],
  "pregrasp_z_m": 0.13,
  "score": 0.3648930490016937,
  "width": 0.0794035941362381,
  "depth": 0.03999999910593033,
  "height": 0.019999999552965164,
  "source_file": "/home/b401/Documents/pick_place_occlusion_noetic/outputs/coca-cola_REAL/vision_output/best_grasp_base.json",
  "note": "Kirim translation_tool0_pregrasp + quaternion_tool0_xyzw ke MoveIt sebagai target tool0. Jangan kirim gripper_tip_grasp_base langsung ke MoveIt.",
  "manual_nudge_base_m": {
    "dx": -0.05,
    "dy": 0.04,
    "dz": 0.0
  },
  "manual_nudge_history": [
    {
      "from": [
        -0.5427246928628487,
        0.3553892331917427,
        0.3616663431097887
      ],
      "to": [
        -0.5927246928628488,
        0.3953892331917427,
        0.3616663431097887
      ],
      "dx": -0.05,
      "dy": 0.04,
      "dz": 0.0,
      "frame": "base"
    }
  ],
  "note_nudge": "translation_tool0_pregrasp digeser manual dalam frame base. dx/dy/dz satuannya meter."
}