{
  "pointcloud_path": "/home/b401/Documents/pick_place_occlusion_noetic/outputs/TC_06_GMN_YOLO/vision_output/masked_object_pointcloud_median_fill.ply",
  "clean_mask_path": null,
  "method": "median_fill_all_mask_pixels",
  "use_median_fill": true,
  "mask_pixels": 6392,
  "valid_depth_pixels": 5015,
  "zero_depth_pixels": 1377,
  "final_points": 6377,
  "median_depth_m": 0.39100003242492676,
  "mean_depth_m": 0.3921026885509491,
  "center_mean_camera_m": [
    -0.060211178359308455,
    -0.031050065028107515,
    0.3913167857144233
  ],
  "center_median_camera_m": [
    -0.05980800837278366,
    -0.029150722548365593,
    0.39100003242492676
  ],
  "frame": "RealSense D455 aligned color camera frame",
  "note": "Point cloud masih camera frame, belum base frame UR5."
}