{
  "object": "brown plastic bottle",
  "pixel_center_uv": [
    267,
    216
  ],
  "pixel_center_uv_mean": [
    267,
    214
  ],
  "median_depth_m": 0.39100003242492676,
  "mean_depth_m": 0.3921026885509491,
  "point_camera_m": [
    -0.05980800837278366,
    -0.029300598427653313,
    0.39100003242492676
  ],
  "point_camera_mean_m": [
    -0.0602676160633564,
    -0.031405720859766006,
    0.39186424016952515
  ],
  "debug": {
    "mask_pixels": 6392,
    "valid_depth_pixels": 5015,
    "valid_depth_ratio": 0.7845744680851063,
    "used_pixels_after_depth_fill": 6392,
    "min_depth_m": 0.1,
    "max_depth_m": 2.0,
    "depth_scale": 0.0010000000474974513,
    "fx": 385.724365234375,
    "fy": 385.28033447265625,
    "ppx": 326.5517883300781,
    "ppy": 244.87197875976562,
    "method": "all_mask_pixels_with_invalid_depth_filled_by_median_depth"
  },
  "frame": "RealSense D455 aligned color camera frame",
  "note": "Belum ditransformasikan ke base frame UR5."
}