{
  "object": "green soda can",
  "pixel_center_uv": [
    361,
    211
  ],
  "pixel_center_uv_mean": [
    360,
    210
  ],
  "median_depth_m": 0.6070000529289246,
  "mean_depth_m": 0.6059688925743103,
  "point_camera_m": [
    0.053674012422561646,
    -0.053716160356998444,
    0.6070000529289246
  ],
  "point_camera_mean_m": [
    0.05349728465080261,
    -0.05308287963271141,
    0.6060414910316467
  ],
  "debug": {
    "mask_pixels": 8081,
    "valid_depth_pixels": 7252,
    "valid_depth_ratio": 0.8974136864249475,
    "used_pixels_after_depth_fill": 8081,
    "min_depth_m": 0.1,
    "max_depth_m": 2.0,
    "depth_scale": 0.0010000000474974513,
    "fx": 385.724365234375,
    "fy": 385.28033447265625,
    "ppx": 326.5517883300781,
    "ppy": 244.87197875976562,
    "method": "all_mask_pixels_with_invalid_depth_filled_by_median_depth"
  },
  "frame": "RealSense D455 aligned color camera frame",
  "note": "Belum ditransformasikan ke base frame UR5."
}