{
  "success": true,
  "method": "graspnet_baseline_d455",
  "best_grasp": {
    "score": 0.5282029509544373,
    "translation_camera": [
      -0.04745364189147949,
      -0.061520759016275406,
      0.37700003385543823
    ],
    "rotation_matrix_camera": [
      [
        0.6540746092796326,
        0.42825940251350403,
        -0.6235225796699524
      ],
      [
        -0.309978187084198,
        0.9036558270454407,
        0.2954990267753601
      ],
      [
        0.690000057220459,
        0.0,
        0.7238094210624695
      ]
    ],
    "width": 0.08487041294574738,
    "height": 0.019999999552965164,
    "depth": 0.029999999329447746,
    "object_id": -1,
    "frame": "RealSense D455 aligned color camera frame",
    "rank": 0,
    "distance_to_object_center": 0.03655784291713293
  },
  "object_center_camera": [
    -0.04050424220931233,
    -0.02568527790329491,
    0.3790000379085541
  ],
  "frame": "RealSense D455 aligned color camera frame",
  "note": "Masih camera frame. Perlu transform camera-to-base sebelum eksekusi UR5.",
  "meta": {
    "object_center_camera": [
      -0.04050424220931233,
      -0.02568527790329491,
      0.3790000379085541
    ],
    "num_mask_points": 7531,
    "num_workspace_points": 5426,
    "num_cloud_masked": 5426,
    "rgb_path": "/home/b401/Documents/pick_place_occlusion_noetic/data/d455_capture/current_scene_rgb.jpg",
    "depth_path": "/home/b401/Documents/pick_place_occlusion_noetic/data/d455_capture/depth_raw.npy",
    "intrinsics_path": "/home/b401/Documents/pick_place_occlusion_noetic/data/d455_capture/camera_intrinsics.json",
    "mask_path": "/home/b401/Documents/pick_place_occlusion_noetic/outputs/milkis_002/vision_output/fastsam_mask.png",
    "intrinsics": {
      "width": 640,
      "height": 480,
      "fx": 385.724365234375,
      "fy": 385.28033447265625,
      "ppx": 326.5517883300781,
      "ppy": 244.87197875976562,
      "depth_scale": 0.0010000000474974513
    },
    "depth_scale": 0.0010000000474974513,
    "factor_depth": 999.999952502551,
    "frame": "RealSense D455 aligned color camera frame"
  }
}