{
  "pointcloud_path": "/home/b401/Documents/pick_place_occlusion_noetic/outputs/milkis_002/vision_output/masked_object_pointcloud_median_fill.ply",
  "clean_mask_path": null,
  "method": "median_fill_all_mask_pixels",
  "use_median_fill": true,
  "mask_pixels": 6759,
  "valid_depth_pixels": 5303,
  "zero_depth_pixels": 1456,
  "final_points": 6485,
  "median_depth_m": 0.3790000081062317,
  "mean_depth_m": 0.37954971194267273,
  "center_mean_camera_m": [
    -0.036866963190459574,
    -0.02698142148072597,
    0.379294232244021
  ],
  "center_median_camera_m": [
    -0.036702439188957214,
    -0.02741764672100544,
    0.3790000081062317
  ],
  "frame": "RealSense D455 aligned color camera frame",
  "note": "Point cloud masih camera frame, belum base frame UR5."
}