{
  "success": true,
  "method": "graspnet_baseline_d455",
  "best_grasp": {
    "score": 0.32317253947257996,
    "translation_camera": [
      0.07781322300434113,
      -0.05644729360938072,
      0.445000022649765
    ],
    "rotation_matrix_camera": [
      [
        -0.6358653903007507,
        0.7673709392547607,
        -0.08256512880325317
      ],
      [
        -0.05268014967441559,
        0.06357516348361969,
        0.9965856671333313
      ],
      [
        0.7699999809265137,
        0.6380438804626465,
        -2.788978292755928e-08
      ]
    ],
    "width": 0.0665527805685997,
    "height": 0.019999999552965164,
    "depth": 0.029999999329447746,
    "object_id": -1,
    "frame": "RealSense D455 aligned color camera frame",
    "rank": 0,
    "distance_to_object_center": 0.02804626604955343
  },
  "object_center_camera": [
    0.08145688482462517,
    -0.02953415968047312,
    0.4520000219345093
  ],
  "frame": "RealSense D455 aligned color camera frame",
  "note": "Masih camera frame. Perlu transform camera-to-base sebelum eksekusi UR5.",
  "meta": {
    "object_center_camera": [
      0.08145688482462517,
      -0.02953415968047312,
      0.4520000219345093
    ],
    "num_mask_points": 7299,
    "num_workspace_points": 5260,
    "num_cloud_masked": 5260,
    "rgb_path": "/home/b401/Documents/pick_place_occlusion_noetic/data/d455_capture/current_scene_rgb.jpg",
    "depth_path": "/home/b401/Documents/pick_place_occlusion_noetic/data/d455_capture/depth_raw.npy",
    "intrinsics_path": "/home/b401/Documents/pick_place_occlusion_noetic/data/d455_capture/camera_intrinsics.json",
    "mask_path": "/home/b401/Documents/pick_place_occlusion_noetic/outputs/TC_12_OA_YOLO/vision_output/fastsam_mask.png",
    "intrinsics": {
      "width": 640,
      "height": 480,
      "fx": 385.724365234375,
      "fy": 385.28033447265625,
      "ppx": 326.5517883300781,
      "ppy": 244.87197875976562,
      "depth_scale": 0.0010000000474974513
    },
    "depth_scale": 0.0010000000474974513,
    "factor_depth": 999.999952502551,
    "frame": "RealSense D455 aligned color camera frame"
  }
}