{
  "object": "green soda can",
  "pixel_center_uv": [
    313,
    210
  ],
  "pixel_center_uv_mean": [
    313,
    209
  ],
  "median_depth_m": 0.3530000150203705,
  "mean_depth_m": 0.35429102182388306,
  "point_camera_m": [
    -0.012156139127910137,
    -0.032528605312108994,
    0.3530000150203705
  ],
  "point_camera_mean_m": [
    -0.012000883929431438,
    -0.03193747624754906,
    0.35392943024635315
  ],
  "debug": {
    "mask_pixels": 9237,
    "valid_depth_pixels": 6574,
    "valid_depth_ratio": 0.7117029338529826,
    "used_pixels_after_depth_fill": 9237,
    "min_depth_m": 0.1,
    "max_depth_m": 2.0,
    "depth_scale": 0.0010000000474974513,
    "fx": 385.724365234375,
    "fy": 385.28033447265625,
    "ppx": 326.5517883300781,
    "ppy": 244.87197875976562,
    "method": "all_mask_pixels_with_invalid_depth_filled_by_median_depth"
  },
  "frame": "RealSense D455 aligned color camera frame",
  "note": "Belum ditransformasikan ke base frame UR5."
}