{
  "object": "green bottle",
  "pixel_center_uv": [
    279,
    218
  ],
  "pixel_center_uv_mean": [
    279,
    215
  ],
  "median_depth_m": 0.3700000047683716,
  "mean_depth_m": 0.3706059753894806,
  "point_camera_m": [
    -0.045136816799640656,
    -0.025806229561567307,
    0.3700000047683716
  ],
  "point_camera_mean_m": [
    -0.0452052466571331,
    -0.02822449803352356,
    0.37048158049583435
  ],
  "debug": {
    "mask_pixels": 6974,
    "valid_depth_pixels": 5497,
    "valid_depth_ratio": 0.7882133639231431,
    "used_pixels_after_depth_fill": 6974,
    "min_depth_m": 0.1,
    "max_depth_m": 2.0,
    "depth_scale": 0.0010000000474974513,
    "fx": 385.724365234375,
    "fy": 385.28033447265625,
    "ppx": 326.5517883300781,
    "ppy": 244.87197875976562,
    "method": "all_mask_pixels_with_invalid_depth_filled_by_median_depth"
  },
  "frame": "RealSense D455 aligned color camera frame",
  "note": "Belum ditransformasikan ke base frame UR5."
}