{
  "pointcloud_path": "/home/b401/Documents/pick_place_occlusion_noetic/outputs/sprite_2steps_006/vision_output/masked_object_pointcloud_median_fill.ply",
  "clean_mask_path": null,
  "method": "median_fill_all_mask_pixels",
  "use_median_fill": true,
  "mask_pixels": 12544,
  "valid_depth_pixels": 8410,
  "zero_depth_pixels": 4134,
  "final_points": 12528,
  "median_depth_m": 0.30300000309944153,
  "mean_depth_m": 0.3141951560974121,
  "center_mean_camera_m": [
    -0.0770890995920166,
    -0.029799225247801885,
    0.3091899871987934
  ],
  "center_median_camera_m": [
    -0.07584480941295624,
    -0.029538311064243317,
    0.30300000309944153
  ],
  "frame": "RealSense D455 aligned color camera frame",
  "note": "Point cloud masih camera frame, belum base frame UR5."
}