{
  "success": true,
  "frame": "base",
  "target_link": "tool0",
  "source_target": "gripper_tip",
  "active_test_name": "sprite_2steps_006",
  "translation_tool0_pregrasp": [
    -0.5575669669638015,
    0.4147327162607586,
    0.37828771602339484
  ],
  "quaternion_tool0_xyzw": [
    -0.28340175782789895,
    0.6661598976406625,
    0.6411123643592581,
    -0.25473392137899675
  ],
  "rpy_tool0_rad": [
    1.619,
    0.024,
    -2.36
  ],
  "orientation_source": "fixed_rpy",
  "gripper_tip_grasp_base": [
    -0.617038170929259,
    0.4853957602737371,
    0.2400986237314441
  ],
  "gripper_tip_pregrasp_base": [
    -0.617038170929259,
    0.4853957602737371,
    0.3700986237314441
  ],
  "tool0_to_gripper_tip_offset_tool_frame": [
    0.0,
    0.0,
    0.17
  ],
  "pregrasp_z_m": 0.13,
  "score": 0.3692302405834198,
  "width": 0.07476038485765457,
  "depth": 0.019999999552965164,
  "height": 0.019999999552965164,
  "source_file": "/home/b401/Documents/pick_place_occlusion_noetic/outputs/sprite_2steps_006/vision_output/best_grasp_base.json",
  "note": "Kirim translation_tool0_pregrasp + quaternion_tool0_xyzw ke MoveIt sebagai target tool0. Jangan kirim gripper_tip_grasp_base langsung ke MoveIt.",
  "manual_nudge_base_m": {
    "dx": -0.06,
    "dy": 0.05,
    "dz": 0.0
  },
  "manual_nudge_history": [
    {
      "from": [
        -0.49756696696380154,
        0.3647327162607586,
        0.37828771602339484
      ],
      "to": [
        -0.5575669669638015,
        0.4147327162607586,
        0.37828771602339484
      ],
      "dx": -0.06,
      "dy": 0.05,
      "dz": 0.0,
      "frame": "base"
    }
  ],
  "note_nudge": "translation_tool0_pregrasp digeser manual dalam frame base. dx/dy/dz satuannya meter."
}