{
  "pointcloud_path": "/home/b401/Documents/pick_place_occlusion_noetic/outputs/TC_01_GMN_VLM/vision_output/masked_object_pointcloud_median_fill.ply",
  "clean_mask_path": null,
  "method": "median_fill_all_mask_pixels",
  "use_median_fill": true,
  "mask_pixels": 7479,
  "valid_depth_pixels": 5362,
  "zero_depth_pixels": 2117,
  "final_points": 7133,
  "median_depth_m": 0.39500001072883606,
  "mean_depth_m": 0.39614492654800415,
  "center_mean_camera_m": [
    -0.0037876439687470047,
    -0.030845527978598287,
    0.39559752062813325
  ],
  "center_median_camera_m": [
    -0.0036464077420532703,
    -0.03165080398321152,
    0.39500001072883606
  ],
  "frame": "RealSense D455 aligned color camera frame",
  "note": "Point cloud masih camera frame, belum base frame UR5."
}